CustomerID,Gender,SeniorCitizen,Partner,Dependents,Tenure (months),PhoneService,InternetService,ContractType,MonthlyCharges,TotalCharges,Churn
2824-AXIH,Male,0,Yes,No,1,Yes,No,Month-to-month,34.41,34.28,No
4657-EXDV,Male,1,No,Yes,5,Yes,DSL,Month-to-month,64.47,307.81,No
9935-CSNB,Female,0,Yes,Yes,13,Yes,DSL,One year,68.19,845.71,No
1488-CGHQ,Male,0,No,No,54,Yes,Fiber optic,Month-to-month,94.17,5015.5,Yes
1434-RGWU,Male,0,Yes,Yes,14,Yes,Fiber optic,Month-to-month,85.16,1146.97,No
9928-NHOS,Female,0,No,No,8,Yes,Fiber optic,Month-to-month,75.85,612.98,Yes
5557-ZAYZ,Male,0,Yes,No,9,Yes,Fiber optic,Month-to-month,96.66,851.46,Yes
3615-WNKI,Male,1,Yes,Yes,70,Yes,DSL,Two year,67.35,4530.6,No
3547-GYKD,Male,0,No,No,1,Yes,DSL,Month-to-month,69.11,66.19,Yes
2519-MDLL,Male,0,Yes,No,6,Yes,Fiber optic,Month-to-month,86.78,514.2,Yes
5333-ZBXO,Male,0,No,No,1,Yes,No,Month-to-month,30.89,30.38,Yes
9785-DMCR,Male,1,Yes,Yes,11,Yes,Fiber optic,One year,96.03,1008.6,Yes
5803-UTLS,Female,0,Yes,Yes,50,Yes,Fiber optic,Two year,92.93,4724.82,No
4150-WCBV,Female,0,No,No,38,Yes,Fiber optic,Month-to-month,96.92,3722.0,No
4733-YJCH,Female,0,No,No,27,Yes,Fiber optic,Month-to-month,95.51,2473.29,No
2654-MIOU,Male,0,No,No,14,Yes,Fiber optic,One year,95.61,1290.88,Yes
6977-FLLG,Female,0,No,Yes,10,Yes,Fiber optic,Month-to-month,92.46,906.34,Yes
5374-WVUC,Female,0,No,No,10,No,DSL,Month-to-month,52.6,525.83,No
3803-RXHF,Female,0,No,No,18,Yes,Fiber optic,Month-to-month,83.8,1483.11,Yes
8573-MIUW,Male,0,No,No,37,No,DSL,Two year,54.03,1983.64,No
4598-VKYY,Male,0,Yes,No,5,Yes,No,Month-to-month,33.69,171.1,Yes
1916-HBZK,Female,0,Yes,Yes,3,Yes,Fiber optic,Month-to-month,93.44,277.83,Yes
7572-ICGS,Female,0,No,No,6,Yes,Fiber optic,Month-to-month,86.33,510.3,Yes
6155-GUPM,Male,0,Yes,No,41,Yes,Fiber optic,Month-to-month,75.68,3096.48,No
8517-EIEH,Female,0,Yes,Yes,39,Yes,DSL,One year,55.78,2108.59,No
9830-IXSN,Female,0,No,No,8,Yes,Fiber optic,Month-to-month,91.04,692.28,Yes
7543-LHEQ,Female,0,No,No,11,Yes,No,One year,32.41,342.25,No
9085-CYBD,Male,0,No,No,7,Yes,DSL,Month-to-month,66.87,446.78,No
3504-UFZV,Male,0,Yes,No,58,Yes,DSL,Two year,57.04,3235.36,No
7916-TCMM,Female,0,No,No,38,Yes,DSL,One year,61.01,2333.52,No
8668-QIRA,Female,0,Yes,No,25,Yes,Fiber optic,One year,90.71,2237.84,Yes
2876-VRYI,Male,0,Yes,Yes,8,No,DSL,Month-to-month,49.71,403.14,Yes
6573-DJNF,Female,0,Yes,Yes,4,Yes,Fiber optic,Month-to-month,77.06,311.8,Yes
8433-AXXI,Male,1,Yes,Yes,39,Yes,Fiber optic,Two year,78.95,3024.29,Yes
9201-YFQD,Female,1,Yes,No,58,Yes,DSL,Two year,62.75,3604.3,No
5889-UQTG,Female,0,Yes,Yes,72,Yes,Fiber optic,Two year,99.24,7156.79,No
3504-LYFR,Male,0,No,No,19,Yes,Fiber optic,Month-to-month,95.77,1765.32,Yes
9689-ATKP,Male,0,No,No,19,Yes,No,Month-to-month,33.34,640.85,Yes
1319-DLZJ,Male,0,Yes,No,26,Yes,Fiber optic,Month-to-month,96.17,2455.27,No
4923-BHSC,Female,0,Yes,Yes,53,Yes,No,Two year,32.8,1736.7,Yes
2403-XPCY,Female,0,Yes,No,40,Yes,DSL,Two year,66.89,2675.11,No
9727-YEEV,Male,0,No,No,24,No,DSL,Month-to-month,49.79,1160.09,Yes
8787-RFIQ,Male,0,No,No,15,Yes,Fiber optic,One year,86.96,1295.15,Yes
7932-GRYX,Female,1,No,No,18,Yes,Fiber optic,Month-to-month,93.38,1692.1,Yes
4295-WJMV,Female,0,Yes,No,9,Yes,Fiber optic,Month-to-month,81.52,705.99,Yes
7118-OQOD,Male,0,No,No,11,Yes,DSL,Month-to-month,65.31,695.02,Yes
5061-HCKA,Female,0,No,No,44,Yes,DSL,Two year,67.4,3004.15,No
4770-SHAC,Female,0,No,Yes,69,Yes,DSL,Two year,66.99,4628.44,No
1964-HCBK,Female,0,No,No,26,Yes,No,One year,29.39,750.42,No
2160-QHIV,Female,0,No,No,41,Yes,DSL,One year,61.22,2544.55,Yes
8953-GREX,Female,1,Yes,No,52,Yes,Fiber optic,Two year,79.55,3982.89,No
8744-HZPZ,Male,0,Yes,Yes,26,Yes,Fiber optic,Month-to-month,96.91,2493.97,No
7669-GDDV,Female,1,No,No,9,Yes,No,Month-to-month,34.61,304.5,Yes
8062-LNNO,Female,1,Yes,Yes,49,Yes,Fiber optic,One year,97.11,4835.47,Yes
1887-VUUD,Female,0,No,No,27,Yes,Fiber optic,One year,80.61,2104.16,No
1993-MXKZ,Female,1,Yes,Yes,25,Yes,DSL,One year,69.22,1749.43,No
2790-HGGR,Male,0,No,No,20,Yes,Fiber optic,Month-to-month,98.08,1901.11,Yes
8350-ENFI,Male,0,No,No,3,Yes,No,Month-to-month,32.53,97.0,Yes
8579-HCOZ,Male,0,No,Yes,46,Yes,DSL,Two year,64.4,2874.81,No
2604-BURA,Male,0,Yes,Yes,72,Yes,Fiber optic,Month-to-month,97.67,7131.68,No
2528-YHFN,Male,0,Yes,Yes,24,Yes,No,One year,34.82,834.73,No
8956-PGMB,Female,0,No,No,17,Yes,Fiber optic,Month-to-month,79.96,1360.09,Yes
3697-MAMI,Female,0,No,No,65,Yes,Fiber optic,Two year,92.53,5805.19,No
8454-JNWX,Female,0,Yes,Yes,34,Yes,Fiber optic,One year,79.22,2651.85,No
8973-EGJG,Female,0,No,Yes,24,Yes,Fiber optic,One year,85.03,2080.45,No
1958-SXRB,Male,0,Yes,Yes,35,Yes,Fiber optic,One year,85.72,2966.29,No
6138-BBSP,Male,0,Yes,Yes,34,Yes,Fiber optic,One year,81.5,2825.51,No
9238-QFBQ,Male,0,No,No,9,Yes,Fiber optic,Month-to-month,77.23,664.04,Yes
2312-FCTC,Male,0,No,No,7,Yes,Fiber optic,Month-to-month,84.2,564.27,Yes
4853-MDSH,Female,1,Yes,Yes,1,Yes,DSL,Month-to-month,69.21,69.46,Yes
1651-TCNV,Female,0,Yes,No,2,Yes,No,Month-to-month,28.82,56.07,Yes
9565-KIGV,Male,0,Yes,No,55,Yes,Fiber optic,Two year,92.96,5018.55,No
6147-HIME,Male,0,No,No,1,Yes,Fiber optic,Month-to-month,85.88,83.11,Yes
5915-OKYC,Female,0,Yes,Yes,19,No,DSL,Month-to-month,58.8,1100.92,Yes
1152-OTSD,Male,0,No,No,36,Yes,Fiber optic,One year,86.34,3053.38,No
2200-RGQI,Female,0,Yes,Yes,1,No,DSL,Month-to-month,55.1,52.63,Yes
3170-LCHL,Male,0,No,No,5,Yes,Fiber optic,Month-to-month,77.96,389.26,Yes
5669-FORW,Female,0,Yes,No,4,Yes,DSL,Month-to-month,65.7,263.45,Yes
5956-TZUQ,Female,0,No,No,53,Yes,DSL,Two year,57.86,2995.07,No
1128-VRJV,Male,0,No,No,63,Yes,Fiber optic,Two year,96.55,6096.14,No
2697-EIDD,Male,1,No,No,8,Yes,Fiber optic,Month-to-month,94.55,763.89,Yes
3546-IJTG,Female,0,No,No,13,Yes,Fiber optic,Month-to-month,82.2,1044.84,No
6617-GVUI,Male,0,No,No,35,Yes,DSL,Two year,62.41,2076.77,No
9280-PIBC,Male,0,No,Yes,42,Yes,Fiber optic,One year,78.25,3148.56,No
7939-IBAK,Male,0,No,No,27,Yes,No,Month-to-month,33.99,930.76,No
3143-UIFX,Male,0,No,No,8,Yes,DSL,Month-to-month,64.0,498.12,Yes
8239-RWNR,Male,0,Yes,Yes,23,Yes,Fiber optic,One year,99.88,2302.77,No
1158-DCWE,Female,0,Yes,Yes,31,Yes,DSL,One year,59.24,1806.93,No
9938-BLSR,Male,1,No,Yes,16,No,DSL,Month-to-month,55.16,842.65,Yes
3426-NEBJ,Male,0,No,Yes,57,Yes,No,Two year,30.93,1742.54,No
6974-ZBLG,Male,0,Yes,Yes,2,No,DSL,Month-to-month,51.13,98.88,Yes
5088-VDLY,Female,0,No,No,43,Yes,DSL,One year,57.19,2499.75,No
7658-TXEH,Male,0,Yes,Yes,9,Yes,Fiber optic,Month-to-month,82.25,710.51,Yes
3662-ZZFN,Female,0,Yes,No,2,Yes,Fiber optic,Month-to-month,81.54,164.29,Yes
1406-FXKZ,Male,0,No,No,23,Yes,No,One year,32.32,749.98,No
7745-ZVXZ,Female,0,Yes,Yes,15,Yes,DSL,Month-to-month,68.61,989.98,No
5065-IFZW,Male,0,No,No,22,Yes,DSL,Month-to-month,60.54,1266.97,Yes
2771-MBPH,Female,0,No,No,4,Yes,No,Month-to-month,32.79,125.52,Yes
4269-OLJZ,Female,0,Yes,No,30,Yes,No,One year,31.21,908.76,No
4728-HAVG,Male,0,Yes,No,2,Yes,No,Month-to-month,28.07,55.43,No
7528-KICY,Male,0,Yes,Yes,4,Yes,Fiber optic,Month-to-month,78.33,306.23,Yes
5573-LUQM,Male,0,No,No,67,Yes,DSL,Two year,59.85,3831.23,No
9785-KADI,Female,0,No,Yes,47,Yes,DSL,Two year,65.4,3084.41,No
3925-SIBD,Male,0,Yes,Yes,29,Yes,DSL,Month-to-month,65.3,1888.81,No
8119-LXZK,Female,1,No,No,40,Yes,DSL,Month-to-month,65.7,2524.84,Yes
8149-TQDM,Male,0,No,No,14,Yes,Fiber optic,Month-to-month,92.71,1265.58,Yes
4114-IBWN,Female,0,No,No,6,Yes,DSL,Month-to-month,66.04,382.44,Yes
1027-QZRV,Male,0,Yes,No,35,Yes,DSL,One year,58.84,1961.4,No
4228-LNCV,Male,0,Yes,Yes,21,Yes,Fiber optic,One year,77.38,1620.52,No
6409-TKVD,Female,0,Yes,No,42,Yes,Fiber optic,Two year,76.47,3099.75,No
5920-QJVN,Female,0,Yes,Yes,19,Yes,Fiber optic,Month-to-month,83.32,1581.14,Yes
6344-MWJR,Male,0,No,No,40,No,DSL,One year,48.52,1957.4,No
3085-GNVM,Male,1,No,No,6,No,DSL,Month-to-month,58.62,354.11,Yes
3851-TSJM,Male,0,Yes,No,21,Yes,Fiber optic,Two year,99.92,2087.56,Yes
9977-AJJG,Female,0,No,No,3,Yes,Fiber optic,Month-to-month,98.48,295.48,Yes
8043-ZSTU,Male,1,Yes,No,6,Yes,Fiber optic,Month-to-month,99.18,602.69,Yes
6279-OOOV,Female,0,No,No,18,Yes,DSL,Month-to-month,63.97,1125.37,No
4501-QPZZ,Female,0,Yes,No,21,Yes,DSL,Month-to-month,66.22,1351.1,Yes
3780-VCJQ,Male,1,Yes,Yes,55,Yes,DSL,Two year,55.68,2920.52,No
6491-CYHV,Female,0,No,Yes,13,No,DSL,Month-to-month,48.8,602.89,Yes
6085-HZGE,Female,0,Yes,Yes,26,Yes,No,Month-to-month,32.34,844.26,No
1400-BHPT,Female,1,Yes,Yes,14,Yes,Fiber optic,Month-to-month,82.56,1160.11,Yes
2193-ONUS,Male,0,Yes,No,22,Yes,Fiber optic,One year,84.87,1895.18,Yes
4185-WWMP,Female,0,No,No,25,Yes,No,One year,30.6,746.81,No
7547-HEUW,Female,0,No,No,40,Yes,Fiber optic,One year,99.2,3835.86,No
1090-YYDY,Female,0,No,No,15,No,DSL,Month-to-month,53.39,765.93,No
7965-HFZW,Female,0,Yes,Yes,27,Yes,No,Month-to-month,32.06,847.89,Yes
9486-OBRH,Male,1,No,No,6,Yes,No,Month-to-month,29.82,182.36,Yes
2988-OEZO,Female,0,Yes,No,2,Yes,DSL,Month-to-month,62.56,121.82,Yes
9702-RTKY,Female,0,Yes,Yes,4,Yes,No,Month-to-month,34.51,132.99,Yes
8251-TXQN,Female,0,No,No,38,Yes,Fiber optic,Two year,96.95,3672.41,Yes
9976-OFXP,Female,0,Yes,No,6,Yes,Fiber optic,Month-to-month,78.3,453.56,Yes
8373-IYHU,Male,0,No,No,1,Yes,DSL,Month-to-month,59.76,60.46,No
5543-YYQP,Female,0,Yes,No,7,Yes,Fiber optic,Month-to-month,88.26,621.39,No
4919-IOCW,Female,1,Yes,No,7,Yes,No,Month-to-month,28.99,204.58,Yes
5681-HIKK,Male,0,Yes,No,11,Yes,Fiber optic,Month-to-month,77.92,824.34,No
9849-CEEH,Male,0,No,No,8,Yes,DSL,Month-to-month,55.66,428.22,No
7275-WEWG,Male,0,No,No,72,Yes,DSL,Two year,56.92,4012.58,No
2052-NNKR,Male,0,No,Yes,18,Yes,DSL,Month-to-month,68.08,1173.41,Yes
8633-NBGN,Male,1,No,Yes,32,Yes,Fiber optic,One year,95.87,2984.7,No
7381-YSWA,Male,1,No,No,45,Yes,Fiber optic,Month-to-month,93.7,4171.57,Yes
7232-PALJ,Female,0,Yes,Yes,1,Yes,No,Month-to-month,34.48,33.21,Yes
7389-NRXX,Male,0,No,No,27,Yes,Fiber optic,One year,82.07,2137.22,No
9947-ZTHP,Male,0,No,No,1,Yes,No,Month-to-month,34.14,33.73,Yes
4595-INPA,Female,0,No,No,18,Yes,DSL,Month-to-month,64.19,1173.59,Yes
7371-KVVZ,Female,0,No,No,6,Yes,DSL,Month-to-month,66.42,381.96,No
7624-XFOE,Female,0,Yes,Yes,1,Yes,DSL,Month-to-month,58.96,56.89,No
9751-AMSS,Male,0,No,No,13,Yes,Fiber optic,Month-to-month,82.83,1049.83,Yes
1444-CUNE,Male,0,Yes,No,57,Yes,DSL,Two year,68.39,3750.7,No
8564-FBIM,Female,0,No,Yes,63,Yes,No,Two year,30.21,1861.64,No
6363-GOKK,Male,1,No,No,7,Yes,Fiber optic,Month-to-month,99.86,679.54,Yes
7211-IYNI,Male,0,No,No,1,Yes,No,Month-to-month,33.35,32.59,Yes
2341-PAXR,Female,0,No,No,4,Yes,Fiber optic,Month-to-month,78.78,309.48,Yes
1853-LHUC,Male,0,Yes,No,17,Yes,Fiber optic,Month-to-month,96.33,1563.3,Yes
1659-YAHG,Female,1,Yes,Yes,1,Yes,Fiber optic,Month-to-month,91.44,92.09,Yes
1333-TEHE,Male,0,No,No,63,Yes,No,Two year,33.59,2106.64,No
8758-VDSG,Male,0,No,No,61,Yes,Fiber optic,Two year,76.33,4543.58,No
8619-WIYL,Female,0,No,No,6,Yes,No,Month-to-month,29.04,166.35,Yes
3749-TTXW,Female,0,No,No,3,Yes,No,Month-to-month,29.61,85.75,No
2876-YFJD,Female,0,No,No,12,Yes,Fiber optic,Month-to-month,75.9,884.48,Yes
1420-JSVM,Male,0,No,No,55,No,DSL,Two year,48.9,2667.77,No
7498-WGCS,Female,0,Yes,Yes,33,No,DSL,One year,55.59,1868.99,No
4978-DWYJ,Male,0,No,No,26,Yes,Fiber optic,One year,85.91,2137.9,Yes
2983-ZSZB,Male,0,No,No,14,Yes,DSL,Month-to-month,69.93,966.81,No
6688-RNVL,Male,0,No,No,6,Yes,Fiber optic,Month-to-month,98.18,600.47,Yes
2129-QUKA,Female,0,Yes,Yes,51,Yes,DSL,Two year,55.61,2863.15,No
7882-PDNL,Male,0,Yes,No,32,Yes,Fiber optic,Two year,83.91,2583.09,No
8532-WENF,Female,0,No,No,19,Yes,Fiber optic,One year,92.73,1792.06,Yes
9548-UITZ,Male,0,Yes,Yes,53,Yes,DSL,Two year,62.28,3274.4,No
9817-YPON,Male,0,No,No,4,Yes,Fiber optic,Month-to-month,87.32,355.81,Yes
5397-KHCI,Male,0,Yes,No,14,Yes,Fiber optic,Month-to-month,96.15,1344.41,Yes
8385-HYOS,Male,0,Yes,Yes,4,Yes,Fiber optic,Month-to-month,96.67,385.7,Yes
7209-KAPK,Female,0,Yes,No,72,No,DSL,Two year,46.85,3434.14,No
3979-PGLZ,Male,0,Yes,Yes,1,Yes,Fiber optic,Month-to-month,77.34,77.23,No
5232-KITW,Male,0,No,No,8,Yes,DSL,Month-to-month,68.02,529.6,No
5526-RAQG,Female,0,Yes,No,1,No,DSL,Month-to-month,47.71,47.45,Yes
2402-HXNP,Male,0,Yes,Yes,32,Yes,No,Two year,29.18,944.85,No
4937-WPUW,Male,0,No,No,60,Yes,Fiber optic,Two year,87.72,5117.19,No
9041-OZAC,Male,1,No,No,39,Yes,DSL,Month-to-month,59.09,2326.65,No
5820-HMWH,Male,0,Yes,Yes,37,Yes,DSL,Month-to-month,68.36,2488.22,No
6016-VSLP,Male,0,No,No,59,Yes,Fiber optic,Two year,89.64,5148.38,No
9698-LNXR,Male,0,No,No,30,Yes,Fiber optic,One year,89.59,2667.8,Yes
6419-LWOI,Female,1,Yes,No,7,Yes,No,Month-to-month,34.8,241.4,Yes
6023-IHDX,Female,1,Yes,Yes,33,Yes,DSL,One year,62.89,2027.15,No
4155-KDXR,Female,0,Yes,No,12,Yes,DSL,Month-to-month,63.56,758.79,Yes
4033-GGXP,Female,0,Yes,Yes,61,No,DSL,Two year,51.25,3020.8,No
5530-XSYQ,Male,0,Yes,No,48,Yes,DSL,Two year,56.15,2671.27,No
5636-DGJH,Female,0,Yes,Yes,55,Yes,Fiber optic,Two year,94.21,5280.97,No
6912-FJAW,Male,0,Yes,No,61,Yes,DSL,Two year,65.15,3840.15,No
9751-EIBB,Male,0,Yes,Yes,29,Yes,DSL,One year,68.31,1967.41,No
5786-WEUY,Female,0,Yes,Yes,17,No,DSL,One year,45.39,781.49,No
9042-DASJ,Female,1,Yes,Yes,13,Yes,DSL,Month-to-month,65.22,823.8,Yes
8690-POKF,Female,1,No,No,32,Yes,Fiber optic,One year,92.02,2949.51,Yes
1841-IPDC,Male,0,Yes,Yes,17,Yes,Fiber optic,One year,84.85,1446.79,Yes
7565-PCSU,Female,0,Yes,Yes,1,Yes,Fiber optic,Month-to-month,89.76,89.17,Yes
1878-EEZS,Female,0,Yes,No,6,Yes,No,Month-to-month,34.66,198.43,No
5978-CHDR,Male,0,No,No,62,Yes,Fiber optic,Two year,95.92,5805.6,No
7818-TTZT,Male,1,No,No,5,Yes,Fiber optic,Month-to-month,78.84,382.67,Yes
4697-YQMO,Female,1,No,No,39,Yes,Fiber optic,Two year,77.03,2885.86,No
8253-JSNJ,Male,0,Yes,No,28,Yes,Fiber optic,One year,95.77,2585.85,No
1986-TXDY,Male,0,No,No,8,Yes,DSL,Month-to-month,64.89,494.54,Yes
4404-UGIV,Male,0,No,No,21,Yes,DSL,One year,61.81,1317.01,No
2330-FHFR,Male,0,No,Yes,5,Yes,DSL,Month-to-month,69.33,343.83,Yes
2229-FANO,Female,1,No,No,31,No,DSL,Month-to-month,53.91,1698.3,Yes
8699-JBHJ,Male,0,No,No,38,Yes,Fiber optic,Two year,75.15,2860.69,No
5632-WOCV,Female,0,Yes,Yes,13,Yes,DSL,One year,69.55,879.75,No
4824-IZZU,Female,0,Yes,No,56,Yes,Fiber optic,Two year,91.4,4962.13,No
4241-NDRH,Female,0,No,No,19,Yes,Fiber optic,Month-to-month,98.77,1867.34,Yes
3441-IECB,Female,0,Yes,Yes,10,Yes,Fiber optic,Month-to-month,83.12,833.89,Yes
3718-ZJTX,Male,0,No,No,13,Yes,Fiber optic,Month-to-month,93.29,1196.35,Yes
5728-ODOW,Male,0,No,No,3,Yes,Fiber optic,Month-to-month,93.36,285.24,Yes
5982-WMIQ,Female,0,No,No,62,Yes,DSL,Two year,69.36,4280.38,No
9847-POCT,Male,0,Yes,Yes,9,Yes,DSL,Month-to-month,63.54,554.81,Yes
1653-NXKT,Male,0,No,Yes,1,Yes,No,Month-to-month,29.48,28.05,Yes
5102-ACHV,Male,0,No,No,3,Yes,Fiber optic,Month-to-month,76.22,230.78,Yes
1339-YVIS,Male,0,Yes,No,36,Yes,Fiber optic,Two year,91.09,3191.32,Yes
1659-YYFP,Male,0,No,Yes,49,No,DSL,One year,49.85,2361.94,No
9502-UOIF,Male,0,Yes,Yes,18,Yes,Fiber optic,Month-to-month,76.39,1358.18,Yes
8141-UPCP,Male,0,No,No,6,Yes,No,Month-to-month,28.5,173.3,Yes
6700-NKKV,Female,1,Yes,No,71,Yes,DSL,Two year,69.28,4901.91,No
2713-FKNW,Male,0,No,No,9,Yes,DSL,Month-to-month,60.72,528.66,Yes
9117-JVMY,Female,0,Yes,Yes,11,Yes,Fiber optic,Month-to-month,84.97,932.91,Yes
1601-OCKI,Male,0,No,Yes,5,Yes,DSL,Month-to-month,57.67,288.46,Yes
6296-DYMQ,Female,0,Yes,Yes,50,Yes,Fiber optic,Two year,99.13,4919.65,No
1018-VRON,Female,0,Yes,No,1,Yes,DSL,Month-to-month,67.98,66.4,No
1888-GQLT,Male,0,No,No,34,Yes,No,Month-to-month,28.62,946.33,Yes
9167-UOYB,Male,1,Yes,Yes,7,Yes,No,Month-to-month,33.97,233.26,Yes
4335-IREJ,Male,0,Yes,No,49,Yes,DSL,Two year,57.44,2675.02,No
8178-WPDA,Male,1,No,No,39,Yes,Fiber optic,One year,94.49,3725.24,Yes
4920-WFJR,Male,0,No,No,20,Yes,No,One year,29.99,572.75,No
1224-RNCH,Female,0,Yes,Yes,60,No,DSL,Two year,56.29,3254.03,No
2858-ODUE,Male,0,Yes,Yes,4,Yes,DSL,Month-to-month,64.81,257.79,No
9165-WJQW,Male,0,Yes,Yes,1,Yes,Fiber optic,Month-to-month,78.02,74.89,Yes
5479-NPPH,Male,0,Yes,No,18,Yes,Fiber optic,Month-to-month,87.27,1514.77,Yes
8483-REMG,Female,0,No,No,7,No,DSL,Month-to-month,51.49,344.72,Yes
9327-XECI,Female,0,No,Yes,1,Yes,Fiber optic,Month-to-month,95.16,94.35,Yes
7798-KZQI,Male,0,Yes,Yes,46,No,DSL,Two year,49.65,2302.59,No
1042-JXJS,Male,0,No,No,4,Yes,Fiber optic,Month-to-month,92.12,374.09,Yes
9022-EORP,Male,0,Yes,Yes,16,Yes,Fiber optic,Month-to-month,78.28,1210.57,No
6654-KRYR,Female,0,Yes,No,42,No,DSL,Two year,54.98,2206.34,No
7180-OKGW,Female,1,Yes,No,14,Yes,DSL,Month-to-month,67.48,945.43,Yes
4912-SMHY,Female,1,No,Yes,27,Yes,Fiber optic,One year,87.82,2304.28,Yes
7730-BKXP,Male,1,No,No,5,Yes,Fiber optic,Month-to-month,87.24,436.43,Yes
7246-MVZU,Female,0,Yes,Yes,41,Yes,DSL,One year,68.28,2707.5,No
3492-PBEQ,Male,0,No,No,49,No,DSL,Two year,52.15,2459.14,No
6439-DODQ,Male,1,No,No,41,Yes,No,Two year,31.94,1266.89,No
8486-AXEN,Male,0,Yes,No,72,Yes,DSL,Two year,61.35,4284.57,No
3529-CPZI,Male,1,No,No,12,Yes,Fiber optic,One year,93.91,1105.94,Yes
6546-TWMU,Male,1,No,No,10,Yes,No,Month-to-month,33.68,334.94,No
2315-KVRM,Male,1,No,No,34,Yes,No,One year,32.3,1064.19,No
6188-UWYP,Male,0,No,No,24,Yes,Fiber optic,One year,85.85,2070.06,No
9864-BTCH,Male,0,Yes,No,35,Yes,Fiber optic,Two year,85.65,2864.65,No
5708-HXCN,Male,1,Yes,No,37,No,DSL,One year,45.61,1718.08,No
2612-YUWD,Male,0,Yes,Yes,30,Yes,DSL,One year,60.13,1763.99,Yes
8269-FWJA,Female,0,No,Yes,6,Yes,No,Month-to-month,31.24,180.27,No
1753-KZBJ,Female,0,No,No,43,No,DSL,Two year,48.36,2039.75,No
6873-LNEH,Female,1,Yes,No,67,Yes,No,Two year,32.8,2165.45,No
9702-NSVZ,Female,0,No,No,31,Yes,No,Month-to-month,29.09,903.09,Yes
3950-FFCT,Female,0,No,No,39,Yes,DSL,One year,62.43,2442.62,No
7267-TVHP,Male,0,No,No,25,Yes,DSL,One year,64.44,1622.88,No
3344-HOUI,Female,0,No,No,63,Yes,Fiber optic,Two year,88.12,5582.37,No
8529-IVAZ,Female,1,Yes,No,6,No,DSL,Month-to-month,49.36,281.76,Yes
8622-JVRF,Female,0,Yes,Yes,47,Yes,Fiber optic,Month-to-month,85.93,3944.61,Yes
2210-OLSJ,Male,0,No,No,67,Yes,Fiber optic,Two year,97.68,6608.59,No
7951-WIOJ,Female,1,No,No,39,Yes,DSL,One year,62.16,2431.8,No
4263-MPDH,Female,0,Yes,Yes,26,Yes,DSL,Two year,57.23,1509.57,No
7248-SLSJ,Female,0,No,No,19,Yes,DSL,Month-to-month,56.92,1072.46,Yes
5837-AVMI,Male,0,No,No,29,Yes,Fiber optic,One year,97.57,2718.32,No
1132-SVYX,Female,0,Yes,No,1,Yes,DSL,Month-to-month,67.62,67.68,Yes
1803-TXPJ,Female,0,Yes,No,54,Yes,Fiber optic,Two year,88.08,4604.17,No
4770-TZLH,Male,0,Yes,Yes,15,Yes,Fiber optic,Month-to-month,82.39,1214.17,No
4115-TIVY,Female,0,No,No,60,Yes,DSL,Two year,55.72,3282.19,No
3240-UDUU,Female,1,Yes,No,41,Yes,DSL,Month-to-month,56.15,2247.5,Yes
1645-JZOB,Male,1,No,No,9,Yes,No,Month-to-month,28.32,252.95,No
6977-XECJ,Female,0,No,No,27,Yes,Fiber optic,One year,77.69,2003.31,Yes
6352-XNFG,Female,0,Yes,No,58,Yes,Fiber optic,Two year,85.62,4765.17,No
3165-ZRLQ,Male,0,No,No,20,Yes,Fiber optic,One year,77.36,1520.66,No
9221-IFIP,Male,0,No,No,51,Yes,Fiber optic,Two year,91.52,4484.7,No
5835-XKZD,Female,0,Yes,No,5,Yes,No,Month-to-month,31.98,154.03,Yes
8673-CEYH,Female,0,No,No,25,Yes,DSL,Month-to-month,58.8,1397.82,Yes
7511-ZRLC,Male,1,Yes,No,23,Yes,No,One year,29.78,674.7,No
7464-AIRD,Male,0,Yes,Yes,37,Yes,Fiber optic,One year,77.04,2852.69,No
8451-LVXV,Female,0,Yes,Yes,30,Yes,No,One year,31.52,930.85,No
5295-SMUL,Female,0,Yes,Yes,5,Yes,Fiber optic,Month-to-month,77.85,395.01,Yes
2775-VHPA,Female,0,Yes,Yes,12,Yes,No,Month-to-month,32.63,397.75,No
6374-THUC,Female,0,Yes,Yes,16,Yes,Fiber optic,Month-to-month,79.49,1294.65,No
8606-WJUN,Female,0,No,No,1,Yes,Fiber optic,Month-to-month,79.56,77.66,No
2911-EBBJ,Male,0,No,No,47,Yes,DSL,Two year,60.89,2816.81,No
9071-DDHR,Male,0,Yes,Yes,7,Yes,No,Month-to-month,28.58,199.03,Yes
3222-MOLV,Male,0,No,No,25,Yes,Fiber optic,One year,96.92,2401.63,Yes
9850-NSXX,Male,0,No,No,35,Yes,Fiber optic,Month-to-month,82.44,2823.7,Yes
3531-NUDP,Male,0,No,No,28,No,DSL,One year,53.81,1435.44,No
7686-IBWL,Male,0,Yes,Yes,18,Yes,No,One year,31.18,569.38,No
4559-OOHL,Female,0,Yes,Yes,17,Yes,Fiber optic,Month-to-month,91.76,1523.94,Yes
2627-VLRU,Female,0,No,No,4,No,DSL,Month-to-month,54.36,215.18,No
6876-BMIG,Male,0,Yes,No,7,Yes,Fiber optic,Month-to-month,81.63,550.61,Yes
3001-OCVG,Male,0,No,No,61,Yes,Fiber optic,Two year,99.17,5931.65,No
1349-BZKH,Male,0,Yes,Yes,9,Yes,Fiber optic,Month-to-month,96.78,843.03,Yes
3063-ZSGC,Male,0,No,No,43,Yes,No,Month-to-month,29.31,1277.87,No
4394-SGHK,Male,0,Yes,No,7,Yes,DSL,Month-to-month,57.78,404.69,No
3417-ZTAI,Female,0,Yes,Yes,23,Yes,DSL,One year,66.21,1501.01,No
3370-ERIZ,Female,0,No,No,7,Yes,No,Month-to-month,32.23,222.05,Yes
3858-DVAE,Male,0,Yes,Yes,3,No,DSL,Month-to-month,58.07,173.9,Yes
1243-LZZH,Male,0,Yes,Yes,4,Yes,Fiber optic,Month-to-month,77.66,310.25,Yes
6304-AFIB,Male,0,Yes,Yes,13,Yes,Fiber optic,Month-to-month,88.36,1143.58,Yes
3076-XNQD,Male,1,Yes,Yes,72,Yes,Fiber optic,Two year,75.15,5491.18,No
2041-POYL,Male,0,Yes,Yes,29,Yes,Fiber optic,One year,77.92,2263.06,Yes
9408-SDOQ,Female,0,No,No,11,Yes,Fiber optic,Month-to-month,79.29,843.38,Yes
4629-TBXZ,Male,0,Yes,No,31,Yes,No,One year,31.34,925.31,No
9543-JOUA,Female,0,No,No,41,Yes,DSL,One year,65.38,2699.13,No
1996-PMNV,Female,0,Yes,No,40,Yes,Fiber optic,One year,96.72,3846.23,No
2768-PWOC,Female,0,Yes,No,4,Yes,DSL,Month-to-month,69.49,277.22,No
2323-KTEC,Male,0,Yes,No,27,Yes,DSL,One year,64.03,1726.78,No
3067-ITUS,Male,1,Yes,Yes,32,Yes,No,One year,31.41,1000.27,No
9984-WKMT,Male,0,Yes,Yes,21,Yes,No,One year,32.33,657.4,No
9692-JOQT,Female,0,Yes,Yes,11,No,DSL,Month-to-month,59.61,643.83,Yes
8048-DZWD,Male,0,No,No,8,Yes,DSL,Month-to-month,60.41,482.16,Yes
4522-NOHN,Male,0,Yes,No,72,Yes,DSL,Two year,65.11,4536.97,No
6553-OMNX,Male,0,No,No,22,Yes,DSL,Month-to-month,65.35,1426.41,No
2557-KNKV,Female,0,Yes,No,14,Yes,DSL,Month-to-month,60.92,867.06,No
5176-LEVP,Male,0,Yes,Yes,44,Yes,Fiber optic,Two year,82.57,3665.44,Yes
2099-CCCN,Male,0,Yes,No,28,Yes,Fiber optic,One year,78.13,2080.15,Yes
2582-XXLZ,Female,0,Yes,Yes,35,Yes,DSL,Two year,55.21,1940.02,No
3131-RBSR,Female,0,No,No,16,Yes,Fiber optic,Month-to-month,77.8,1238.71,Yes
6400-VDNL,Male,1,Yes,Yes,11,Yes,Fiber optic,Month-to-month,75.4,841.16,Yes
7929-XBJT,Female,0,Yes,Yes,25,Yes,DSL,One year,69.56,1700.46,No
6119-LDSQ,Male,0,Yes,Yes,38,Yes,Fiber optic,One year,96.48,3633.36,No
4485-EVPH,Male,0,No,No,3,Yes,DSL,Month-to-month,58.14,176.7,Yes
2773-LRLD,Male,0,No,No,43,Yes,DSL,Two year,64.73,2745.25,No
5564-SHZN,Female,0,No,No,23,No,DSL,One year,54.75,1212.93,No
1430-TVWI,Female,0,No,No,1,Yes,No,Month-to-month,31.05,30.42,Yes
1474-FIWY,Male,0,Yes,No,16,No,DSL,Month-to-month,54.39,877.27,Yes
6062-KLAF,Male,0,Yes,No,21,Yes,Fiber optic,One year,94.75,1925.48,Yes
3347-SVMC,Female,0,No,No,34,Yes,Fiber optic,One year,79.77,2633.95,No
3324-XUAC,Male,0,Yes,Yes,60,Yes,DSL,Two year,59.51,3633.93,No
9691-GMNO,Female,0,Yes,Yes,38,Yes,No,Two year,31.24,1182.48,No
6585-FLJX,Male,1,Yes,Yes,32,Yes,No,One year,31.32,978.98,No
6314-YSTC,Female,0,No,No,31,No,DSL,One year,45.33,1365.26,No
1861-EFYT,Male,0,Yes,Yes,6,Yes,Fiber optic,Month-to-month,79.15,464.84,Yes
1815-VCIO,Male,0,Yes,Yes,72,Yes,Fiber optic,Two year,78.81,5738.71,No
7947-PTON,Male,0,No,No,12,Yes,No,One year,32.92,395.41,No
5475-GYQD,Male,0,Yes,Yes,28,Yes,Fiber optic,Month-to-month,99.1,2653.32,No
6655-NDJV,Female,0,No,No,32,Yes,DSL,One year,62.07,1975.38,No
8972-QVJB,Female,0,Yes,Yes,72,Yes,Fiber optic,Two year,96.49,6977.63,Yes
4612-MTBA,Female,0,No,No,15,Yes,Fiber optic,Month-to-month,89.63,1309.64,No
4349-JGYE,Female,0,Yes,Yes,8,Yes,Fiber optic,Month-to-month,80.03,614.62,Yes
5186-JKDA,Male,0,No,No,22,Yes,Fiber optic,One year,89.24,1968.01,Yes
9149-XNFE,Female,0,Yes,Yes,49,Yes,DSL,Two year,67.51,3357.94,No
7229-RWHQ,Male,0,Yes,Yes,5,Yes,No,Month-to-month,28.36,138.66,Yes
6802-CMXB,Male,0,Yes,No,1,Yes,Fiber optic,Month-to-month,75.2,73.06,Yes
8147-AOCK,Male,0,Yes,No,32,Yes,No,Month-to-month,32.41,1056.92,Yes
8033-SMWU,Male,1,No,No,18,Yes,Fiber optic,Month-to-month,92.83,1682.88,Yes
7843-JDMA,Female,0,Yes,No,13,Yes,DSL,Month-to-month,69.69,860.77,No
6321-FZTO,Male,0,Yes,No,3,Yes,Fiber optic,Month-to-month,96.22,275.64,Yes
6928-CNDH,Female,0,No,No,1,Yes,No,Month-to-month,33.16,33.12,No
8138-SMQC,Female,0,Yes,Yes,14,Yes,DSL,Month-to-month,63.94,883.3,No
7484-JXKH,Female,0,Yes,No,33,Yes,DSL,Two year,63.31,2080.49,No
6456-YFCQ,Female,0,Yes,Yes,46,Yes,No,Two year,30.04,1383.65,No
2868-QQGY,Female,1,Yes,No,5,Yes,DSL,Month-to-month,62.31,299.69,Yes
6724-LXUE,Female,0,Yes,No,9,Yes,No,Month-to-month,31.4,275.88,Yes
4871-DEIG,Male,0,No,No,6,Yes,DSL,Month-to-month,63.87,382.95,Yes
3842-TEYY,Male,0,No,No,22,Yes,No,Month-to-month,32.28,684.5,No
2234-FYUP,Female,0,No,No,58,Yes,DSL,Two year,65.18,3639.58,No
8601-YSYS,Male,0,Yes,Yes,30,No,DSL,Month-to-month,57.25,1745.66,No
8354-VSUU,Female,1,Yes,No,41,No,DSL,Two year,52.32,2105.53,No
6295-UKEO,Female,0,Yes,Yes,34,Yes,Fiber optic,Month-to-month,92.86,3179.36,Yes
2118-POUJ,Female,1,No,No,38,Yes,DSL,Two year,62.92,2302.48,No
5500-SBLQ,Female,1,No,Yes,6,Yes,Fiber optic,Month-to-month,85.55,489.75,Yes
2215-JOOB,Female,0,No,No,15,No,DSL,One year,49.74,718.34,No
1932-LJCU,Male,0,Yes,Yes,55,Yes,DSL,Two year,55.95,3086.92,No
2479-TTQM,Female,0,Yes,Yes,31,Yes,Fiber optic,One year,97.32,2920.85,Yes
8581-SRZX,Male,0,Yes,Yes,31,Yes,DSL,One year,61.26,1924.05,No
1672-OZSU,Male,0,Yes,No,12,Yes,Fiber optic,Month-to-month,86.83,1019.68,Yes
4084-KTPQ,Male,0,No,No,14,Yes,Fiber optic,Month-to-month,87.37,1215.69,Yes
3471-BODZ,Male,0,Yes,Yes,15,No,DSL,Month-to-month,59.08,880.63,No
6626-WCQU,Male,0,No,Yes,2,Yes,Fiber optic,Month-to-month,83.67,169.14,Yes
3827-BHWO,Male,1,No,Yes,1,Yes,No,Month-to-month,32.88,31.62,Yes
8199-QQTF,Female,0,No,No,31,Yes,Fiber optic,One year,75.52,2272.1,Yes
6962-LJMN,Male,0,Yes,No,2,Yes,Fiber optic,Month-to-month,82.2,160.53,Yes
6543-VTBZ,Female,0,Yes,Yes,3,Yes,DSL,Month-to-month,57.88,168.32,No
6482-CKDR,Female,0,Yes,Yes,72,Yes,DSL,Two year,60.16,4218.69,No
7333-JIXV,Female,0,Yes,Yes,6,Yes,Fiber optic,Month-to-month,80.8,480.43,Yes
3463-KCSV,Male,0,Yes,Yes,4,Yes,Fiber optic,Month-to-month,80.49,316.63,Yes
3317-LJUW,Male,1,No,No,12,Yes,Fiber optic,Month-to-month,97.73,1169.35,Yes
7421-ETWC,Female,0,Yes,No,1,Yes,No,Month-to-month,30.37,29.07,Yes
6072-RMUZ,Male,0,No,No,4,No,DSL,Month-to-month,54.03,206.24,Yes
6381-EVWX,Female,0,Yes,No,39,No,DSL,Month-to-month,57.64,2253.86,Yes
9624-CUVN,Female,0,No,No,9,Yes,Fiber optic,One year,91.42,782.06,Yes
9331-LALJ,Male,0,Yes,Yes,10,Yes,Fiber optic,Month-to-month,78.28,775.58,No
3953-GKYP,Male,0,Yes,No,44,No,DSL,One year,49.4,2215.19,No
4145-HEEC,Female,1,Yes,No,30,Yes,Fiber optic,One year,92.78,2663.1,Yes
5846-ZDQY,Female,0,Yes,No,25,Yes,Fiber optic,Month-to-month,99.0,2441.74,Yes
9843-XQBV,Female,0,No,No,17,No,DSL,One year,57.5,929.12,No
6517-YTET,Male,0,No,No,2,Yes,DSL,Month-to-month,65.1,129.19,No
7172-EFFW,Male,0,Yes,No,26,Yes,Fiber optic,One year,93.36,2473.68,No
3712-XOBN,Female,1,Yes,Yes,15,No,DSL,Month-to-month,56.94,856.91,Yes
6968-VXHO,Female,1,Yes,Yes,6,Yes,Fiber optic,Month-to-month,94.99,578.63,Yes
5668-YXZO,Female,0,Yes,Yes,45,Yes,Fiber optic,Two year,96.11,4251.97,No
4833-RHJZ,Male,0,No,Yes,9,Yes,Fiber optic,Month-to-month,90.55,793.43,Yes
8684-GLVS,Female,0,No,No,1,Yes,Fiber optic,Month-to-month,82.06,80.42,Yes
8218-OYJY,Female,0,Yes,Yes,54,Yes,No,Two year,33.24,1751.8,No
7256-QQNF,Male,1,No,No,22,Yes,DSL,One year,65.01,1447.83,No
4271-ZTEI,Male,0,No,No,19,No,DSL,One year,46.94,909.66,No
1854-UPLR,Male,0,No,No,16,Yes,No,Month-to-month,29.4,473.78,Yes
2680-WQDJ,Male,0,No,Yes,22,Yes,No,Month-to-month,32.24,720.54,No
2374-YFIO,Female,1,Yes,Yes,65,Yes,DSL,Two year,56.51,3660.5,No
9410-ENCH,Female,0,Yes,Yes,29,Yes,Fiber optic,Two year,85.4,2418.38,No
8391-LANB,Female,0,Yes,No,52,Yes,DSL,Two year,69.91,3468.12,No
7495-QLHM,Male,1,Yes,Yes,3,No,DSL,Month-to-month,49.55,144.92,Yes
2337-LHAK,Male,0,Yes,Yes,53,Yes,No,Two year,29.47,1519.92,No
2623-WUKZ,Male,0,Yes,No,6,Yes,DSL,Month-to-month,55.71,319.89,No
3392-EBJP,Female,1,No,No,67,Yes,DSL,Two year,55.27,3636.38,No
3273-YWPO,Male,1,Yes,Yes,51,Yes,Fiber optic,Two year,97.02,4942.49,No
1086-CAIG,Female,0,Yes,Yes,42,Yes,No,Month-to-month,30.5,1281.98,No
3449-RXTQ,Female,0,Yes,Yes,13,Yes,DSL,Month-to-month,57.38,755.01,Yes
7934-DYJH,Female,0,No,No,6,Yes,No,Month-to-month,33.8,194.63,Yes
5934-DBHN,Female,0,No,No,66,No,DSL,Two year,58.42,3825.39,No
8489-CDPT,Male,0,No,No,71,Yes,Fiber optic,Month-to-month,75.8,5440.09,Yes
9782-AUQS,Male,0,Yes,Yes,19,Yes,Fiber optic,One year,76.59,1410.92,No
4963-WEJN,Female,0,No,No,6,Yes,Fiber optic,Month-to-month,85.77,514.08,Yes
1025-TLHS,Female,0,Yes,Yes,6,Yes,DSL,Month-to-month,64.26,388.28,Yes
7825-FVVC,Male,0,Yes,Yes,16,Yes,Fiber optic,Month-to-month,78.02,1218.1,Yes
9576-LCQR,Female,0,No,No,23,Yes,Fiber optic,One year,80.6,1841.35,No
9312-ZQRA,Male,0,Yes,No,27,Yes,No,One year,29.8,801.48,No
7397-PBUM,Female,0,Yes,Yes,20,Yes,Fiber optic,Month-to-month,83.51,1642.25,Yes
7116-IXAL,Female,0,Yes,No,51,Yes,No,One year,30.49,1522.21,No
2106-LHXV,Female,0,No,No,1,Yes,Fiber optic,Month-to-month,76.17,73.36,Yes
2698-YSXY,Male,1,Yes,Yes,43,Yes,No,One year,34.14,1495.96,Yes
6447-EBLR,Female,0,No,Yes,34,Yes,DSL,One year,59.01,2040.5,Yes
6546-UFYV,Male,0,Yes,Yes,41,Yes,No,Two year,29.06,1199.66,No
8612-WPUF,Female,0,Yes,No,30,Yes,No,One year,32.83,936.8,No
3209-CWYO,Female,0,No,No,22,Yes,Fiber optic,One year,87.88,1885.44,No
1605-JGBZ,Female,0,No,No,27,Yes,Fiber optic,Month-to-month,91.74,2361.06,No
4268-BKJQ,Male,0,Yes,No,35,Yes,Fiber optic,One year,92.66,3264.27,No
7524-RPIB,Female,0,No,No,61,Yes,DSL,Two year,68.9,4088.53,No
4131-JLYB,Male,0,Yes,Yes,44,Yes,No,One year,31.06,1340.81,No
6438-IDZL,Female,0,Yes,Yes,72,Yes,Fiber optic,Two year,86.43,6176.12,Yes
8159-MXOM,Female,0,No,No,8,Yes,DSL,Month-to-month,67.62,529.07,Yes
6554-FPWP,Male,0,Yes,No,41,No,DSL,One year,46.66,1899.44,No
7018-ZQIZ,Female,0,No,No,3,Yes,Fiber optic,Month-to-month,77.65,222.63,Yes
2353-XNCN,Female,0,No,No,4,Yes,No,Month-to-month,32.27,126.49,Yes
3956-RJKD,Female,1,Yes,No,7,Yes,No,Month-to-month,33.48,237.92,Yes
2311-KVJJ,Male,0,No,No,38,Yes,Fiber optic,Two year,98.68,3806.68,No
8305-TWNF,Female,0,Yes,No,15,Yes,Fiber optic,Month-to-month,95.59,1461.21,Yes
8272-LOBX,Male,0,No,Yes,21,Yes,Fiber optic,Month-to-month,76.05,1613.02,No
6776-TNIU,Male,1,No,No,30,Yes,DSL,One year,56.58,1720.08,No
1939-CVUM,Male,1,Yes,Yes,66,Yes,DSL,Two year,64.45,4259.65,No
6952-QZXV,Female,0,No,No,34,Yes,Fiber optic,Month-to-month,96.77,3193.35,Yes
3621-AETV,Female,0,Yes,No,19,Yes,Fiber optic,One year,97.77,1790.12,No
8179-BECH,Male,0,Yes,No,4,Yes,Fiber optic,Month-to-month,78.93,303.1,Yes
7001-LMSB,Male,0,Yes,Yes,15,Yes,DSL,Month-to-month,59.38,878.59,Yes
3513-VOLL,Female,0,No,No,11,Yes,DSL,Month-to-month,61.62,671.06,Yes
8273-YCSE,Male,0,Yes,Yes,14,No,DSL,Month-to-month,52.59,743.61,No
9674-LMKU,Female,1,Yes,Yes,63,No,DSL,Two year,55.99,3475.6,No
5566-HDAX,Male,0,No,Yes,2,Yes,Fiber optic,Month-to-month,77.48,148.6,Yes
4048-PQMR,Male,0,No,No,37,Yes,DSL,One year,64.71,2408.1,Yes
2929-IYIW,Male,0,No,No,7,Yes,DSL,Month-to-month,60.02,408.0,No
8311-GTJW,Male,0,Yes,Yes,4,No,DSL,Month-to-month,47.07,187.74,Yes
9047-GDEC,Female,0,No,No,26,Yes,Fiber optic,Month-to-month,96.21,2472.47,Yes
8406-FWOC,Female,0,Yes,Yes,10,Yes,Fiber optic,Month-to-month,85.98,869.46,Yes
6236-VLWC,Male,0,No,No,14,Yes,DSL,Month-to-month,61.24,824.58,Yes
9882-JJFW,Male,0,Yes,Yes,28,Yes,No,Month-to-month,33.38,917.11,No
3852-ZLQH,Male,0,Yes,No,63,Yes,Fiber optic,Two year,81.13,4897.02,No
2988-GZEH,Male,0,Yes,Yes,51,Yes,Fiber optic,Two year,95.23,4839.17,No
9094-ALRS,Female,1,Yes,No,49,Yes,Fiber optic,Two year,83.53,3957.34,No
7044-OZRE,Female,0,No,No,36,Yes,DSL,One year,62.58,2173.61,No
2412-CJMW,Female,0,No,No,2,Yes,Fiber optic,Month-to-month,77.13,154.68,Yes
8842-QNYN,Male,1,Yes,No,68,Yes,Fiber optic,Two year,84.31,5711.19,No
2208-EKUC,Male,0,No,No,45,Yes,DSL,Two year,66.32,2853.86,No
8372-OVQL,Male,1,No,No,53,Yes,DSL,Two year,60.41,3139.11,No
3102-YRUS,Male,0,No,No,1,Yes,Fiber optic,Month-to-month,91.62,91.63,No
3981-YENQ,Male,1,Yes,No,19,Yes,Fiber optic,Month-to-month,78.79,1438.95,Yes
1907-DQEJ,Female,0,No,No,24,Yes,DSL,One year,66.3,1615.11,No
3697-FKWH,Male,1,Yes,No,13,No,DSL,Month-to-month,51.33,676.09,No
6669-QJCI,Female,0,Yes,No,1,Yes,Fiber optic,Month-to-month,80.7,80.99,Yes
4216-URIE,Female,1,No,No,43,Yes,Fiber optic,One year,95.04,3945.43,Yes
5961-TRCQ,Male,0,No,Yes,22,Yes,No,Month-to-month,30.89,657.86,No
3762-SSEF,Female,0,Yes,Yes,36,No,DSL,One year,51.14,1810.37,No
6531-SBAC,Male,1,Yes,Yes,39,Yes,Fiber optic,One year,86.47,3415.58,No
1744-UYSI,Female,0,Yes,No,33,Yes,DSL,One year,67.79,2144.49,No
4453-YSNT,Male,0,No,No,47,Yes,No,One year,33.56,1513.44,Yes
1496-PURJ,Female,0,Yes,No,4,Yes,Fiber optic,Month-to-month,84.04,331.93,Yes
5949-PHZZ,Male,0,Yes,No,25,Yes,Fiber optic,One year,75.74,1894.98,No
7653-JOCW,Female,0,No,No,52,Yes,DSL,Two year,57.18,2843.52,No
1981-FONP,Male,0,Yes,Yes,3,Yes,No,Month-to-month,28.07,84.08,Yes
8609-GKTE,Male,1,No,No,61,Yes,No,Two year,33.64,2074.69,No
6121-WKXL,Male,0,No,No,68,Yes,DSL,Two year,69.15,4773.79,No
7532-EYLQ,Male,0,No,No,35,Yes,Fiber optic,One year,77.12,2709.03,No
2739-KHOD,Female,1,Yes,No,29,Yes,DSL,One year,59.72,1718.11,No
5382-OHED,Female,1,No,No,23,Yes,Fiber optic,One year,99.55,2278.38,Yes
1829-JMTN,Female,0,No,No,35,Yes,Fiber optic,One year,79.11,2703.48,Yes
5067-FKSX,Female,0,Yes,Yes,9,Yes,Fiber optic,Month-to-month,76.54,689.01,No
6123-GYFP,Female,0,Yes,Yes,28,Yes,Fiber optic,One year,93.98,2635.44,Yes
9433-OPJP,Female,0,Yes,Yes,16,Yes,DSL,One year,64.9,1014.22,No
1379-CMQO,Female,0,No,No,13,No,DSL,Month-to-month,54.62,706.47,Yes
4944-GSLB,Female,0,Yes,Yes,38,Yes,Fiber optic,One year,97.56,3667.73,No
1828-JPTU,Female,0,Yes,Yes,15,Yes,Fiber optic,Month-to-month,76.45,1158.14,Yes
8710-JRAD,Male,0,No,No,14,Yes,Fiber optic,Month-to-month,90.79,1279.44,No
8060-EIXL,Female,1,No,No,61,Yes,No,Two year,32.99,1943.26,Yes
7606-LBMB,Female,1,Yes,Yes,43,Yes,DSL,One year,64.91,2674.18,No
4189-LRJC,Female,0,Yes,No,43,Yes,Fiber optic,Two year,87.99,3617.61,No
7329-QOYR,Male,0,Yes,Yes,3,Yes,Fiber optic,Month-to-month,82.39,236.35,Yes
5582-TVTD,Male,0,No,No,60,Yes,Fiber optic,One year,85.05,5112.39,Yes
3108-DMLZ,Male,0,No,No,31,Yes,No,Month-to-month,32.77,1031.72,No
6555-RLYE,Female,0,Yes,Yes,12,Yes,DSL,One year,63.3,761.21,No
4261-TQMQ,Male,0,No,No,1,Yes,DSL,Month-to-month,59.56,57.07,Yes
1659-BBEW,Female,1,Yes,No,2,Yes,DSL,Month-to-month,66.14,129.07,Yes
6456-ZPQO,Female,0,No,No,41,Yes,Fiber optic,One year,97.73,4045.93,Yes
3440-TQEK,Female,1,No,No,58,Yes,No,Two year,28.06,1654.8,Yes
6218-FMTX,Female,0,Yes,No,24,No,DSL,Month-to-month,49.2,1169.45,No
5902-SKQQ,Male,0,No,No,64,No,DSL,Two year,52.92,3217.93,No
9721-PWSJ,Female,0,Yes,Yes,17,Yes,DSL,Month-to-month,68.81,1116.35,No
8780-ALKV,Male,1,No,No,20,Yes,Fiber optic,Month-to-month,92.51,1827.06,No
2795-NSJZ,Female,1,No,No,58,Yes,Fiber optic,Two year,86.15,5043.16,Yes
1436-TPIU,Male,0,Yes,Yes,23,Yes,DSL,Month-to-month,58.08,1360.67,No
4728-XBSP,Male,0,Yes,No,5,Yes,No,Month-to-month,31.81,154.66,Yes
3793-QUXT,Male,0,No,Yes,45,Yes,Fiber optic,Month-to-month,94.71,4157.75,Yes
7229-EVHB,Female,0,No,No,55,Yes,No,Two year,32.56,1786.41,No
2800-GAOK,Male,1,Yes,No,47,Yes,DSL,Two year,65.46,3094.34,No
7861-ENWG,Female,0,No,No,4,Yes,Fiber optic,Month-to-month,97.19,383.47,Yes
7723-QYTP,Female,0,No,No,4,Yes,Fiber optic,Month-to-month,94.54,375.18,Yes
2020-WEQG,Male,0,No,No,3,Yes,Fiber optic,Month-to-month,85.11,246.53,Yes
6325-VPQM,Female,1,Yes,Yes,44,Yes,DSL,Month-to-month,57.96,2493.3,Yes
6140-FORK,Female,1,Yes,Yes,28,Yes,Fiber optic,One year,82.54,2282.65,No
9950-LVYX,Female,0,No,No,34,Yes,Fiber optic,Two year,75.92,2535.44,No
5331-TPGH,Female,0,Yes,Yes,49,Yes,DSL,Two year,60.02,2823.72,No
5571-RJHJ,Female,0,No,No,5,Yes,DSL,Month-to-month,65.88,334.67,Yes
5735-WGWW,Male,0,Yes,No,2,Yes,Fiber optic,Month-to-month,93.5,188.61,Yes
9011-KPLR,Female,0,Yes,No,6,Yes,Fiber optic,Month-to-month,78.15,461.86,Yes
5480-JDSV,Female,1,No,No,26,Yes,Fiber optic,One year,99.8,2547.85,Yes
9899-MMLY,Female,0,No,No,24,Yes,DSL,Month-to-month,59.26,1411.01,Yes
3399-JBJW,Female,1,No,No,2,Yes,No,Month-to-month,28.65,55.02,No
2294-LOUI,Male,1,Yes,Yes,5,Yes,Fiber optic,Month-to-month,88.79,442.43,Yes
8849-GGRI,Female,0,No,No,33,Yes,No,One year,31.65,1050.81,No
5450-EDTX,Male,0,No,No,57,Yes,DSL,Two year,66.36,3779.52,No
4920-HBVQ,Male,1,Yes,No,2,Yes,DSL,Month-to-month,57.4,113.87,Yes
4697-UHBD,Male,1,Yes,Yes,19,No,DSL,One year,45.42,838.49,No
7771-KWPD,Female,0,Yes,Yes,9,Yes,DSL,Month-to-month,66.95,614.19,Yes
3252-ARFN,Female,0,Yes,Yes,8,Yes,Fiber optic,Month-to-month,89.81,688.77,Yes
8793-PUGY,Female,0,No,No,21,Yes,Fiber optic,Month-to-month,81.03,1735.29,Yes
5706-KJUB,Male,1,Yes,No,7,No,DSL,Month-to-month,56.61,396.05,Yes
2465-USHR,Male,0,Yes,No,16,Yes,DSL,Month-to-month,65.9,1036.98,No
1611-FNFB,Female,0,No,No,41,Yes,DSL,One year,69.8,2884.72,No
7504-ZPFX,Male,0,Yes,Yes,63,Yes,DSL,Two year,56.66,3514.79,No
5742-BAJS,Male,0,Yes,Yes,10,Yes,Fiber optic,Month-to-month,76.5,764.46,Yes
2758-KJOU,Male,0,No,No,40,Yes,No,Two year,30.61,1195.47,No
9901-QPEQ,Male,0,No,Yes,17,Yes,DSL,Month-to-month,64.4,1115.25,Yes
8668-IGZD,Male,0,No,No,8,Yes,Fiber optic,Month-to-month,83.86,652.98,Yes
6417-FXOU,Male,0,No,No,49,Yes,Fiber optic,Two year,76.19,3763.0,No
5215-WFAX,Male,0,No,No,24,Yes,DSL,Month-to-month,64.76,1499.44,Yes
6523-ZJSV,Male,0,Yes,Yes,5,Yes,DSL,Month-to-month,56.87,284.72,Yes
4164-FTUM,Female,1,Yes,Yes,18,Yes,Fiber optic,Month-to-month,82.45,1494.09,Yes
8007-QKCM,Female,0,No,Yes,3,Yes,No,Month-to-month,33.16,99.38,Yes
2562-FEPK,Male,0,No,No,58,Yes,Fiber optic,Two year,86.33,4775.21,No
5064-AIMH,Male,1,No,No,17,Yes,Fiber optic,One year,99.57,1710.6,No
8319-YIKJ,Male,0,No,No,13,Yes,No,Month-to-month,33.64,420.93,Yes
1187-IULW,Male,0,Yes,No,10,Yes,No,Month-to-month,34.92,343.66,Yes
4871-BVDO,Male,0,No,No,14,Yes,DSL,Month-to-month,63.48,868.66,Yes
6026-FMVQ,Male,0,No,No,11,Yes,No,Month-to-month,34.26,383.99,No
6095-WDUJ,Female,0,No,No,4,Yes,Fiber optic,Month-to-month,90.69,361.36,Yes
7021-THHE,Female,0,No,No,3,Yes,No,Month-to-month,31.73,96.08,No
8834-EOXT,Male,0,Yes,No,59,Yes,Fiber optic,Two year,89.89,5406.26,No
7121-NWRP,Female,0,Yes,Yes,52,No,DSL,Two year,50.26,2583.09,No
9806-ZVGY,Female,0,No,No,26,Yes,Fiber optic,One year,82.11,2078.54,No
5054-VYTZ,Male,0,Yes,Yes,43,Yes,Fiber optic,Two year,94.62,4058.3,Yes
2341-QOQW,Female,0,Yes,Yes,2,Yes,Fiber optic,Month-to-month,92.87,189.33,Yes
6927-CSDB,Male,0,No,No,34,Yes,Fiber optic,One year,91.81,3131.03,No
9972-QGSR,Female,0,Yes,Yes,14,Yes,Fiber optic,Month-to-month,92.86,1270.63,Yes
3455-FKQO,Female,1,No,No,3,Yes,Fiber optic,Month-to-month,87.99,260.52,Yes
2904-VGWS,Male,0,Yes,Yes,60,Yes,Fiber optic,Two year,81.19,4724.35,No
9008-CQOZ,Female,0,Yes,Yes,4,Yes,DSL,Month-to-month,59.92,239.38,No
1911-OEQN,Male,0,Yes,No,25,Yes,Fiber optic,Month-to-month,89.56,2157.63,Yes
8484-SBRO,Female,0,No,No,71,Yes,Fiber optic,Two year,95.57,6852.9,No
6049-XAMI,Female,0,Yes,No,8,Yes,DSL,Month-to-month,60.42,472.52,Yes
1049-XGSC,Female,1,Yes,No,2,Yes,No,Month-to-month,28.69,55.04,Yes
1742-NLWC,Male,1,No,No,31,Yes,DSL,Month-to-month,65.67,2041.18,Yes
9866-BCPB,Male,0,Yes,No,5,Yes,Fiber optic,Month-to-month,95.71,474.06,Yes
5703-NFYE,Female,1,Yes,Yes,4,Yes,DSL,Month-to-month,56.23,226.35,Yes
7887-LMOM,Female,0,Yes,Yes,63,Yes,Fiber optic,Two year,76.55,4868.4,No
7154-CVVR,Male,0,No,No,8,Yes,Fiber optic,Month-to-month,97.21,777.42,Yes
3178-ULDF,Male,0,No,Yes,29,Yes,Fiber optic,One year,86.91,2475.09,Yes
9802-MQEX,Female,1,Yes,No,11,Yes,No,Month-to-month,31.12,329.13,Yes
4648-AYAJ,Female,0,No,No,40,Yes,Fiber optic,Two year,84.23,3233.18,No
8585-VXRN,Male,0,No,No,41,Yes,Fiber optic,One year,88.16,3609.92,No
9715-MHHO,Male,0,No,No,1,Yes,Fiber optic,Month-to-month,89.71,87.05,Yes
6671-EIGX,Female,0,No,No,5,Yes,No,Month-to-month,31.63,151.85,Yes
2848-BZVN,Male,0,Yes,No,12,Yes,DSL,Month-to-month,60.92,705.65,Yes
1256-HGCD,Female,0,No,No,50,Yes,Fiber optic,Two year,81.59,4089.24,Yes
1550-OTVW,Female,0,Yes,Yes,9,Yes,DSL,Month-to-month,62.48,563.15,Yes
1797-HXBM,Male,0,Yes,Yes,1,Yes,DSL,Month-to-month,61.35,58.32,Yes
8191-HRGY,Male,0,Yes,Yes,41,Yes,DSL,One year,61.6,2527.66,No
1924-EQJH,Female,0,Yes,No,1,Yes,Fiber optic,Month-to-month,98.28,97.33,Yes
6224-STYV,Male,0,No,No,4,Yes,No,Month-to-month,31.43,125.4,Yes
6253-HJEV,Female,0,No,No,16,Yes,Fiber optic,Month-to-month,99.33,1619.78,No
9540-HNJI,Male,1,No,Yes,12,Yes,DSL,Month-to-month,67.36,776.26,No
1998-RSXF,Female,0,No,Yes,3,Yes,Fiber optic,Month-to-month,78.61,239.73,Yes
7999-RPBL,Male,0,No,No,20,Yes,Fiber optic,Month-to-month,78.18,1532.17,Yes
7244-ZQKW,Female,0,No,Yes,17,Yes,Fiber optic,Month-to-month,92.78,1591.32,Yes
7821-NEJM,Female,0,No,Yes,18,Yes,DSL,Month-to-month,56.94,1040.11,Yes
4012-YRPH,Male,0,No,Yes,14,Yes,Fiber optic,Month-to-month,92.61,1240.43,Yes
4692-JWEZ,Male,0,Yes,No,27,Yes,DSL,One year,67.95,1868.02,No
8586-BRNN,Male,0,No,No,47,Yes,Fiber optic,Two year,77.95,3526.54,No
9683-EMHI,Male,0,Yes,Yes,22,Yes,DSL,Month-to-month,58.19,1220.87,No
4331-KUCO,Female,0,No,No,18,No,DSL,Month-to-month,52.1,955.26,Yes
7079-CRXG,Female,0,Yes,Yes,6,Yes,No,Month-to-month,33.23,198.48,Yes
1844-IMVT,Female,0,No,No,40,Yes,DSL,Month-to-month,69.16,2742.99,Yes
1647-CGZY,Male,0,No,No,28,Yes,DSL,One year,60.54,1725.43,No
4555-PGKJ,Female,0,No,No,63,Yes,DSL,Two year,69.28,4337.96,No
1251-GGXD,Male,0,Yes,Yes,15,Yes,Fiber optic,One year,90.04,1321.26,Yes
8846-HWTW,Female,0,Yes,Yes,23,Yes,No,Month-to-month,30.86,675.98,No
4350-MHRK,Male,0,No,No,58,Yes,Fiber optic,Two year,78.02,4375.2,No
5637-MORU,Female,0,No,No,4,Yes,DSL,Month-to-month,63.58,250.3,Yes
6886-JILQ,Male,0,No,No,61,No,DSL,Two year,45.6,2776.48,No
9147-ODZX,Female,0,Yes,Yes,16,Yes,DSL,Month-to-month,57.3,932.22,No
8692-YKGL,Female,1,Yes,Yes,19,Yes,Fiber optic,One year,84.29,1594.62,Yes
6126-NBSH,Female,1,No,No,8,No,DSL,Month-to-month,59.87,467.6,No
3390-AIRS,Male,0,Yes,Yes,6,Yes,Fiber optic,Month-to-month,82.58,494.7,Yes
7841-JEGK,Male,0,Yes,No,39,Yes,Fiber optic,Two year,87.15,3418.13,No
4768-MSHP,Female,0,Yes,No,49,Yes,No,Two year,33.54,1637.04,No
6530-IYPX,Female,0,Yes,Yes,41,Yes,No,Two year,28.99,1193.87,No
9037-OFXZ,Male,0,Yes,Yes,2,No,DSL,Month-to-month,53.84,108.82,No
6770-FEXR,Male,0,Yes,Yes,11,No,DSL,Month-to-month,45.73,500.78,Yes
9000-FRUB,Male,0,Yes,No,42,Yes,DSL,Month-to-month,68.41,2784.91,No
9584-BCVB,Female,0,No,No,9,Yes,DSL,Month-to-month,68.34,612.43,Yes
1104-NEUH,Female,0,Yes,No,8,Yes,No,Month-to-month,29.51,230.35,Yes
2113-WEAG,Male,0,No,No,38,Yes,Fiber optic,One year,95.48,3477.31,Yes
9285-OLBT,Female,0,No,Yes,38,Yes,Fiber optic,One year,87.22,3167.81,Yes
8916-VPAA,Male,0,No,No,61,Yes,DSL,Two year,56.83,3412.01,No
9719-RNAA,Female,0,Yes,No,1,No,DSL,Month-to-month,50.23,50.07,No
9673-XIRJ,Male,0,Yes,Yes,14,No,DSL,Month-to-month,58.06,801.2,Yes
1280-QWVN,Male,0,Yes,No,7,Yes,No,Month-to-month,30.92,205.97,Yes
3937-DDQE,Female,1,No,No,63,Yes,No,Two year,32.01,1996.68,No
4948-GTQI,Male,0,No,No,51,Yes,Fiber optic,Two year,89.14,4501.06,No
6807-IZMC,Male,0,Yes,No,35,Yes,Fiber optic,One year,97.51,3307.6,Yes
7112-MOSH,Female,0,No,No,3,Yes,Fiber optic,Month-to-month,94.53,284.21,Yes
4700-JVCU,Female,0,No,No,6,Yes,Fiber optic,Month-to-month,86.88,524.2,Yes
1519-CMMM,Male,0,Yes,Yes,22,Yes,Fiber optic,Month-to-month,93.0,1969.64,Yes
8798-BUAW,Female,0,No,No,16,Yes,DSL,Month-to-month,64.09,1008.92,Yes
3807-CPNU,Male,0,Yes,No,5,Yes,Fiber optic,Month-to-month,94.05,467.96,Yes
6427-SDQB,Male,0,Yes,Yes,5,No,DSL,Month-to-month,52.57,257.69,Yes
4764-GWSP,Female,0,No,No,17,Yes,No,One year,31.23,525.6,No
5441-BCVI,Female,0,No,No,10,Yes,Fiber optic,Month-to-month,86.25,825.38,No
9897-SVBF,Female,0,Yes,Yes,52,Yes,DSL,Two year,61.74,3064.23,No
6152-AGSE,Female,0,No,No,16,Yes,Fiber optic,Month-to-month,96.66,1567.63,Yes
7525-CJFS,Male,0,No,No,49,No,DSL,One year,49.88,2457.97,No
4939-SMVR,Male,1,Yes,Yes,64,Yes,Fiber optic,Two year,95.0,5854.69,Yes
6435-MYXE,Male,0,Yes,Yes,5,Yes,Fiber optic,Month-to-month,91.61,461.21,Yes
2284-QXLB,Female,0,No,No,22,Yes,No,Month-to-month,30.87,646.12,Yes
2600-NHCK,Female,0,No,No,57,Yes,No,Two year,29.63,1670.2,No
7499-YKAU,Male,0,No,No,2,Yes,Fiber optic,Month-to-month,84.88,167.65,Yes
5478-ZOPH,Male,0,No,No,44,Yes,Fiber optic,Two year,88.52,3921.57,No
6829-RMNF,Male,0,Yes,No,1,Yes,No,Month-to-month,34.71,34.16,Yes
7227-CYTJ,Male,0,No,No,34,Yes,Fiber optic,One year,97.25,3261.28,No
5037-WCCI,Female,0,No,No,3,Yes,Fiber optic,Month-to-month,93.4,277.66,Yes
3526-MWZU,Male,0,Yes,No,50,Yes,DSL,One year,64.69,3234.38,No
3527-XMKL,Male,0,No,No,34,Yes,No,Month-to-month,34.06,1164.18,Yes
2745-CAJO,Female,0,Yes,No,54,Yes,Fiber optic,Two year,92.68,4797.96,Yes
6896-YIDE,Male,0,Yes,Yes,1,Yes,Fiber optic,Month-to-month,89.3,89.54,Yes
2430-FNOR,Female,0,Yes,No,15,Yes,No,Month-to-month,33.57,512.41,Yes
9395-NDAC,Male,0,No,No,4,Yes,Fiber optic,Month-to-month,92.68,375.48,Yes
6798-RCTT,Male,0,Yes,No,34,Yes,Fiber optic,One year,89.03,2913.95,Yes
6315-MAJN,Female,1,No,No,11,Yes,DSL,Month-to-month,56.86,620.42,No
7353-YCXR,Male,0,Yes,Yes,21,Yes,No,Month-to-month,31.92,645.25,Yes
4977-SQFV,Female,0,No,No,29,Yes,Fiber optic,Two year,79.81,2288.64,No
7237-FEIJ,Female,0,No,No,20,Yes,No,Month-to-month,32.33,650.5,Yes
5397-PECF,Female,0,Yes,No,3,Yes,DSL,Month-to-month,63.65,183.05,Yes
8121-INJP,Male,0,No,Yes,8,Yes,Fiber optic,Month-to-month,76.32,585.54,Yes
2260-LIHX,Female,0,Yes,Yes,23,Yes,No,Month-to-month,31.99,709.6,Yes
9123-TTGO,Female,0,Yes,Yes,6,Yes,Fiber optic,Month-to-month,79.73,459.86,No
2752-EJAM,Female,0,Yes,No,51,Yes,Fiber optic,Two year,86.9,4384.81,No
6443-TMZK,Female,0,No,No,45,Yes,DSL,Two year,68.45,3109.83,No
8212-KNUT,Female,1,Yes,Yes,33,Yes,Fiber optic,Month-to-month,78.01,2451.92,No
3230-JKTW,Female,0,Yes,Yes,33,No,DSL,Month-to-month,59.04,1984.55,No
4290-PKFM,Male,0,Yes,No,7,Yes,Fiber optic,One year,79.49,548.32,Yes
6228-JXWU,Female,0,No,No,1,Yes,Fiber optic,Month-to-month,75.47,73.62,Yes
9044-SZHK,Male,1,Yes,Yes,7,Yes,Fiber optic,Month-to-month,94.67,654.81,Yes
7161-IZML,Female,0,No,No,13,Yes,No,Month-to-month,29.72,378.48,No
2865-SGSR,Male,0,Yes,Yes,72,Yes,DSL,Two year,65.58,4798.09,No
3947-VYRA,Male,1,No,No,7,Yes,No,Month-to-month,34.21,227.5,Yes
8563-WGOZ,Male,1,No,No,12,Yes,Fiber optic,Month-to-month,86.11,1003.4,Yes
5773-WCZZ,Female,0,Yes,No,60,Yes,Fiber optic,Two year,95.17,5802.91,Yes
7703-VPEU,Male,0,No,No,27,Yes,Fiber optic,One year,90.17,2401.38,No
5961-HIVE,Female,0,No,No,23,Yes,Fiber optic,One year,85.04,1965.3,Yes
7932-ZMCO,Female,0,Yes,No,22,Yes,Fiber optic,Month-to-month,76.12,1668.18,No
8851-SMRQ,Female,1,No,No,36,Yes,DSL,Two year,67.93,2399.37,No
7853-RBZL,Male,0,No,No,2,Yes,No,Month-to-month,28.16,55.78,Yes
9796-TUCD,Male,0,No,Yes,7,Yes,No,Month-to-month,31.06,217.13,No
5067-VVLF,Female,0,No,No,43,Yes,Fiber optic,One year,85.37,3621.67,No
1725-SUVU,Female,0,Yes,No,28,Yes,No,One year,34.02,970.68,No
7547-YKZN,Male,0,No,No,3,Yes,Fiber optic,Month-to-month,82.93,242.48,Yes
2735-ADIH,Female,0,No,Yes,46,Yes,Fiber optic,Two year,81.43,3699.61,Yes
9366-XQRS,Male,0,No,No,7,Yes,No,Month-to-month,28.8,194.48,Yes
4621-OLMO,Female,0,No,No,26,Yes,DSL,Month-to-month,56.49,1405.48,No
9199-ELAP,Female,0,No,No,30,Yes,Fiber optic,One year,79.2,2393.54,Yes
2712-JNCD,Male,0,Yes,Yes,14,Yes,Fiber optic,One year,78.6,1063.64,Yes
3321-LJKO,Female,0,Yes,No,59,Yes,Fiber optic,Two year,81.39,4625.13,No
4389-QPLP,Male,0,No,No,51,Yes,DSL,Two year,56.34,2789.95,No
2599-OXWO,Female,0,No,No,71,Yes,Fiber optic,Two year,82.67,5918.19,No
6225-CJBZ,Male,0,No,No,17,Yes,No,Month-to-month,30.85,533.38,Yes
2885-AKUD,Female,0,No,No,14,Yes,Fiber optic,Month-to-month,79.23,1100.51,Yes
3692-XHQF,Female,0,Yes,Yes,16,Yes,Fiber optic,Month-to-month,90.36,1395.34,No
3623-KRNO,Male,0,No,Yes,72,Yes,Fiber optic,Two year,83.13,5836.53,No
4798-ZMUF,Male,0,No,No,22,Yes,DSL,Month-to-month,55.41,1169.03,No
4053-UVNM,Male,0,Yes,Yes,23,Yes,Fiber optic,Month-to-month,76.46,1747.26,No
1478-XTGO,Female,0,Yes,No,6,Yes,DSL,Month-to-month,60.85,348.75,No
8037-MAWG,Female,1,Yes,Yes,62,Yes,No,Two year,30.24,1814.6,No
4371-IYWZ,Male,0,Yes,No,9,Yes,No,Month-to-month,30.89,271.54,No
2025-SDZR,Male,0,No,No,11,Yes,No,Month-to-month,30.27,337.38,No
4063-LKGO,Female,0,No,No,1,Yes,No,Month-to-month,30.63,29.96,Yes
2867-IVPQ,Male,0,No,No,1,No,DSL,Month-to-month,57.42,54.88,Yes
6134-TMTM,Female,0,Yes,Yes,49,Yes,DSL,Two year,56.81,2694.03,No
2871-LLOT,Male,0,No,No,72,Yes,No,Two year,29.42,2075.4,No
3826-VWZJ,Male,0,Yes,No,14,Yes,Fiber optic,Month-to-month,93.8,1311.38,Yes
2388-VEKD,Female,0,Yes,Yes,46,Yes,Fiber optic,Two year,89.65,4072.41,No
4908-JDFL,Female,0,No,No,71,Yes,Fiber optic,Two year,87.32,5920.35,No
3316-QMNT,Female,1,No,No,56,Yes,Fiber optic,Month-to-month,93.81,5260.12,Yes
3258-SMNF,Male,0,No,No,12,Yes,Fiber optic,Month-to-month,84.63,1035.54,Yes
8973-URWU,Female,1,Yes,Yes,25,Yes,No,One year,28.81,719.37,No
3838-RFPJ,Female,0,No,No,34,Yes,Fiber optic,One year,76.52,2506.68,No
3298-FKOT,Female,0,Yes,Yes,5,Yes,Fiber optic,Month-to-month,86.62,422.73,Yes
1878-LAPE,Male,1,Yes,No,7,Yes,DSL,Month-to-month,61.11,426.06,Yes
4196-MRQU,Male,0,Yes,Yes,3,Yes,Fiber optic,Month-to-month,87.1,263.24,Yes
9109-NVPN,Male,0,No,No,17,Yes,Fiber optic,Month-to-month,85.19,1437.15,Yes
8272-PFCS,Male,0,No,No,41,Yes,Fiber optic,Two year,80.84,3246.09,No
1505-ZYHJ,Female,0,No,No,6,Yes,Fiber optic,Month-to-month,97.15,560.02,No
1535-IHRJ,Female,1,Yes,Yes,1,No,DSL,Month-to-month,49.04,49.99,Yes
3755-YOSX,Male,0,No,No,18,Yes,Fiber optic,One year,99.09,1748.58,No
9115-RQDS,Male,0,No,No,1,Yes,DSL,Month-to-month,65.13,61.99,Yes
2871-IYRL,Male,0,No,No,59,Yes,DSL,Two year,58.69,3435.88,No
9880-YBYX,Male,0,No,Yes,50,Yes,Fiber optic,Two year,88.87,4245.44,Yes
8231-RGND,Female,0,Yes,Yes,48,Yes,Fiber optic,Two year,94.63,4354.75,No
5055-JBOI,Male,0,Yes,Yes,47,Yes,Fiber optic,Two year,82.62,3718.88,No
6711-CODY,Female,0,Yes,Yes,11,Yes,DSL,Month-to-month,61.1,664.29,No
4882-GZXS,Male,0,Yes,No,1,No,DSL,Month-to-month,46.26,44.16,No
6744-WTUN,Male,0,No,No,28,Yes,Fiber optic,One year,90.89,2531.72,Yes
3719-TEZG,Female,1,No,No,19,Yes,Fiber optic,Month-to-month,80.09,1484.27,Yes
4390-ZBSL,Male,0,No,No,1,Yes,DSL,Month-to-month,69.52,67.67,No
9720-ITRF,Female,0,Yes,No,33,Yes,Fiber optic,One year,84.33,2696.98,Yes
6302-WJJS,Female,0,No,No,4,No,DSL,Month-to-month,59.78,241.71,Yes
5380-QVDE,Male,0,No,Yes,29,Yes,Fiber optic,One year,94.55,2648.19,No
7743-BIUE,Male,0,Yes,Yes,29,Yes,Fiber optic,Month-to-month,88.44,2438.29,Yes
3174-HEWK,Female,0,No,No,10,Yes,No,Month-to-month,30.97,302.39,Yes
5055-YVMP,Female,0,Yes,No,7,Yes,No,Month-to-month,34.38,244.95,Yes
3329-SUIU,Male,0,Yes,No,47,Yes,DSL,Two year,61.78,2835.44,Yes
7786-MOCU,Female,0,Yes,No,21,Yes,Fiber optic,Month-to-month,75.03,1508.43,Yes
2525-MQXI,Male,1,No,No,62,Yes,DSL,Two year,61.97,3898.98,No
7046-OPKS,Female,0,No,No,8,Yes,No,Month-to-month,33.81,260.28,No
1040-YXCX,Female,0,Yes,Yes,25,Yes,No,Month-to-month,30.02,751.24,No
8511-UVWL,Male,1,No,No,3,Yes,Fiber optic,Month-to-month,99.3,289.4,Yes
2037-ZRMG,Male,0,No,No,29,No,DSL,One year,45.01,1315.07,No
8039-GPIK,Male,0,No,Yes,5,Yes,No,Month-to-month,34.53,169.93,Yes
5646-KRSE,Male,1,No,No,10,Yes,Fiber optic,Month-to-month,87.05,859.21,Yes
8951-ZKVY,Female,0,No,No,11,Yes,Fiber optic,Month-to-month,89.95,988.49,No
1793-BDUZ,Female,0,Yes,No,47,Yes,DSL,Two year,67.59,3210.33,No
8529-ADFO,Female,0,No,No,28,Yes,Fiber optic,One year,84.5,2339.05,No
8479-ANGW,Female,0,Yes,No,6,No,DSL,Month-to-month,50.27,299.36,No
3161-UJFI,Female,0,No,No,14,Yes,No,Month-to-month,32.43,459.81,Yes
2529-ULIC,Male,0,Yes,Yes,1,Yes,Fiber optic,Month-to-month,89.63,86.22,Yes
7092-VUFB,Female,1,Yes,No,15,Yes,DSL,Month-to-month,62.65,955.03,No
7493-UJXW,Male,0,Yes,No,13,Yes,No,Month-to-month,28.32,359.79,Yes
4836-NUCW,Female,0,No,No,27,No,DSL,Month-to-month,56.09,1475.3,No
2559-AGPC,Female,0,No,No,52,Yes,No,Two year,31.94,1664.02,No
3174-SHQV,Male,0,Yes,No,4,No,DSL,Month-to-month,49.51,201.56,No
8291-AAWK,Female,0,No,No,4,Yes,Fiber optic,Month-to-month,84.88,335.18,Yes
2975-NWEP,Female,0,Yes,Yes,35,No,DSL,One year,46.84,1625.67,No
2160-HMCX,Female,0,Yes,Yes,66,Yes,Fiber optic,Two year,78.49,5229.42,No
2678-DKLJ,Male,0,No,No,3,Yes,DSL,Month-to-month,63.35,186.89,No
3246-MYYE,Female,1,No,No,44,Yes,Fiber optic,One year,81.99,3459.4,Yes
3340-CQSA,Female,0,No,No,2,Yes,No,Month-to-month,31.02,58.98,Yes
3688-OLXG,Male,0,No,Yes,41,Yes,No,Two year,32.27,1304.48,No
3480-NTVO,Male,0,Yes,Yes,54,Yes,Fiber optic,Month-to-month,98.94,5133.77,Yes
4559-CDEY,Male,1,No,No,62,Yes,Fiber optic,Two year,82.96,4931.84,No
3017-SXML,Male,0,No,No,41,Yes,Fiber optic,One year,92.05,3685.42,Yes
8035-KZEH,Male,0,Yes,Yes,51,Yes,No,Two year,30.4,1552.69,No
5537-UCHR,Male,0,Yes,Yes,11,Yes,Fiber optic,One year,81.53,855.31,No
5668-YWAV,Female,0,Yes,No,7,Yes,Fiber optic,Month-to-month,93.82,657.25,Yes
5942-GQTQ,Female,0,Yes,Yes,10,Yes,Fiber optic,Month-to-month,86.32,878.92,Yes
4090-XMJU,Female,0,Yes,Yes,66,Yes,DSL,Two year,58.69,3871.7,No
1894-ZZHP,Female,0,No,No,35,Yes,Fiber optic,One year,99.58,3371.81,Yes
7322-DHPU,Female,0,No,No,36,Yes,Fiber optic,One year,83.54,2985.21,No
2163-QALK,Female,0,No,No,25,No,DSL,Month-to-month,51.9,1296.82,No
3162-MSNL,Male,0,No,No,2,Yes,No,Month-to-month,32.2,62.01,Yes
9951-VFYP,Female,0,No,No,46,Yes,No,Two year,28.11,1317.68,No
2195-ASCA,Female,0,Yes,Yes,25,Yes,DSL,One year,65.38,1644.13,No
5295-GBBZ,Female,0,No,No,38,Yes,Fiber optic,One year,91.16,3412.66,No
7520-QJUW,Female,1,Yes,Yes,46,Yes,Fiber optic,One year,75.05,3346.34,Yes
9209-YNNW,Male,0,Yes,No,39,Yes,DSL,One year,62.15,2375.24,No
7590-CURR,Female,0,Yes,Yes,4,Yes,Fiber optic,Month-to-month,97.54,396.37,Yes
3501-ICJC,Male,0,No,No,37,Yes,No,One year,32.71,1224.43,No
9377-GZER,Female,1,No,No,12,Yes,DSL,Month-to-month,61.2,739.53,Yes
6353-MSUY,Male,0,No,No,19,Yes,Fiber optic,One year,97.38,1797.24,No
2083-JWNX,Male,0,No,No,1,Yes,No,Month-to-month,32.92,33.25,No
4909-BHCN,Female,0,No,No,12,Yes,No,Month-to-month,33.34,406.61,Yes
2900-OTTB,Male,0,Yes,Yes,51,Yes,Fiber optic,Two year,88.45,4413.77,No
6067-VXVX,Male,0,Yes,No,29,No,DSL,Two year,56.81,1601.18,No
3877-DAWE,Male,1,Yes,No,8,Yes,DSL,Month-to-month,64.74,495.29,No
1185-FPLQ,Female,1,Yes,No,2,Yes,Fiber optic,Month-to-month,76.94,147.04,Yes
9474-ZXIF,Female,0,Yes,Yes,1,Yes,Fiber optic,Month-to-month,75.77,75.85,No
7092-EXYI,Female,0,Yes,Yes,44,No,DSL,One year,57.48,2569.94,No
2934-YAKZ,Female,1,Yes,Yes,5,No,DSL,Month-to-month,55.07,264.76,Yes
8034-IQCI,Female,0,No,No,7,Yes,Fiber optic,One year,91.81,613.12,Yes
2262-POQL,Male,0,No,No,72,Yes,DSL,Two year,60.29,4349.73,No
1908-PSFL,Female,0,Yes,No,1,Yes,No,Month-to-month,33.69,33.31,No
3577-IYDS,Male,0,Yes,Yes,12,Yes,DSL,Month-to-month,67.41,796.38,Yes
2889-HXQA,Male,0,Yes,Yes,30,Yes,Fiber optic,Month-to-month,83.95,2546.72,Yes
1721-AHBP,Female,0,Yes,No,2,No,DSL,Month-to-month,47.66,96.97,No
6963-MEFB,Female,1,No,No,49,Yes,DSL,One year,66.52,3193.24,No
7870-HKHN,Female,1,No,No,9,Yes,Fiber optic,Month-to-month,92.43,819.9,Yes
6241-ICSL,Female,0,No,Yes,31,Yes,No,One year,28.06,870.87,No
2956-QVBF,Female,0,No,No,31,Yes,Fiber optic,One year,86.57,2639.59,Yes
4656-ZQBM,Male,1,Yes,Yes,28,Yes,Fiber optic,One year,98.41,2717.04,No
2129-OJYJ,Male,0,No,Yes,4,Yes,Fiber optic,Month-to-month,86.11,351.28,Yes
6362-CROA,Male,0,No,No,14,No,DSL,Month-to-month,48.32,684.71,Yes
7044-GJSZ,Male,1,Yes,Yes,32,No,DSL,One year,45.3,1447.94,No
5979-XTHO,Female,1,No,No,41,Yes,DSL,One year,59.22,2375.53,No
7033-SPYY,Male,0,Yes,Yes,17,Yes,Fiber optic,One year,98.03,1655.08,No
4201-XRYZ,Male,0,Yes,Yes,2,Yes,DSL,Month-to-month,60.37,122.4,No
5016-EANA,Female,0,Yes,No,22,Yes,Fiber optic,Month-to-month,77.25,1703.26,Yes
4817-RLUW,Male,0,Yes,Yes,45,Yes,Fiber optic,Two year,90.34,4065.26,Yes
1157-KAYV,Male,0,Yes,No,16,Yes,Fiber optic,Month-to-month,82.58,1320.2,Yes
7164-XXJD,Male,0,Yes,No,32,No,DSL,One year,55.77,1789.06,No
4361-QHNP,Female,0,No,No,1,Yes,No,Month-to-month,29.64,28.66,Yes
1981-EWIC,Female,0,Yes,No,17,Yes,No,One year,31.46,535.74,No
1719-HQNW,Male,0,Yes,Yes,10,Yes,Fiber optic,Month-to-month,84.07,854.62,Yes
7102-OXCS,Male,0,Yes,Yes,45,Yes,Fiber optic,Two year,82.02,3719.08,No
2565-QEUM,Female,1,Yes,Yes,62,Yes,Fiber optic,Two year,97.61,6122.16,Yes
2226-SSBN,Female,0,No,No,10,Yes,DSL,Month-to-month,65.6,647.45,Yes
3141-HJIK,Male,0,Yes,No,12,Yes,Fiber optic,Month-to-month,80.23,955.68,Yes
7438-WXKK,Female,0,Yes,Yes,4,Yes,No,Month-to-month,29.37,116.6,No
8417-IHCG,Male,0,Yes,No,5,Yes,No,Month-to-month,33.75,171.71,No
3230-YYSD,Female,0,No,No,3,Yes,Fiber optic,Month-to-month,84.9,253.99,Yes
3546-DFOO,Female,0,No,No,72,Yes,Fiber optic,Two year,96.75,7047.75,No
6145-NDRL,Male,0,Yes,Yes,10,Yes,No,Month-to-month,31.98,315.53,Yes
4401-OJOI,Male,0,Yes,No,48,Yes,No,Two year,31.46,1458.37,No
2964-CFZV,Male,0,Yes,No,7,Yes,Fiber optic,Month-to-month,88.79,593.72,Yes
5984-WWTB,Male,0,Yes,Yes,40,Yes,Fiber optic,One year,91.5,3692.06,No
4522-KECW,Male,1,Yes,Yes,22,No,DSL,One year,53.49,1160.26,No
5066-LMQB,Male,0,No,No,26,Yes,Fiber optic,One year,92.06,2433.47,Yes
5896-IFAM,Female,0,Yes,Yes,11,Yes,Fiber optic,Month-to-month,89.13,960.42,No
8408-RXRH,Male,0,No,No,40,No,DSL,One year,45.98,1796.05,No
2551-ODZZ,Male,0,Yes,No,64,Yes,Fiber optic,Two year,78.21,4885.96,No
3290-DABY,Female,0,Yes,Yes,16,Yes,Fiber optic,Month-to-month,76.63,1174.49,Yes
4641-EGML,Female,0,No,No,25,Yes,DSL,One year,58.89,1492.84,No
2376-SSIC,Male,1,Yes,Yes,12,No,DSL,One year,53.55,621.7,No
1357-CGUO,Male,0,Yes,No,51,No,DSL,Two year,48.42,2439.14,No
3110-CZKD,Female,0,Yes,No,52,Yes,Fiber optic,Two year,88.08,4596.87,No
1699-OBFS,Female,0,Yes,Yes,8,Yes,Fiber optic,Month-to-month,94.56,724.9,Yes
8096-XMPA,Female,1,Yes,No,21,Yes,Fiber optic,One year,79.8,1627.11,Yes
7270-VNFL,Female,0,Yes,Yes,2,No,DSL,Month-to-month,55.17,107.09,No
4517-FIIO,Male,0,No,Yes,30,No,DSL,One year,59.88,1733.37,No
3435-BTTT,Male,0,Yes,Yes,4,Yes,No,Month-to-month,32.85,131.62,No
5026-UJPN,Male,0,Yes,Yes,49,Yes,No,One year,31.73,1538.94,No
8848-BCIM,Male,0,Yes,Yes,5,Yes,Fiber optic,Month-to-month,81.32,392.46,Yes
3248-NGUZ,Female,1,No,No,29,Yes,Fiber optic,One year,89.0,2507.02,No
9614-HUZR,Female,0,No,No,59,Yes,No,Two year,31.18,1867.8,No
1319-MZWL,Male,0,No,No,42,Yes,Fiber optic,One year,98.45,4114.26,No
8859-RZPL,Female,0,Yes,Yes,13,Yes,Fiber optic,Month-to-month,91.02,1192.49,Yes
9231-KMIF,Male,0,Yes,Yes,3,Yes,Fiber optic,Month-to-month,98.58,281.69,Yes
1427-KTHA,Female,0,Yes,No,9,No,DSL,One year,45.78,404.77,Yes
5602-BZPQ,Male,0,Yes,Yes,64,Yes,Fiber optic,Two year,98.47,6259.49,Yes
6856-YSHF,Male,0,Yes,Yes,5,Yes,Fiber optic,Month-to-month,85.81,422.26,Yes
2640-HVHI,Female,0,Yes,Yes,18,Yes,No,Month-to-month,34.97,613.66,No
9743-ZXBY,Female,0,Yes,No,42,No,DSL,One year,49.11,2048.36,No
4594-SZML,Female,0,No,No,17,Yes,DSL,Month-to-month,65.2,1078.47,No
3846-FHSK,Female,0,Yes,Yes,7,Yes,Fiber optic,Month-to-month,86.66,591.32,Yes
6878-SAWW,Male,0,Yes,No,40,Yes,No,Two year,30.53,1160.58,No
6761-SSES,Male,0,Yes,Yes,2,Yes,Fiber optic,Month-to-month,93.98,190.27,Yes
4084-ZPRJ,Female,0,Yes,Yes,29,Yes,Fiber optic,One year,97.1,2711.8,No
3876-PBCB,Male,1,No,No,5,Yes,DSL,Month-to-month,58.37,284.5,Yes
4811-THAQ,Female,1,No,No,3,No,DSL,Month-to-month,49.17,141.18,No
8831-AKTG,Male,0,Yes,No,33,Yes,DSL,One year,61.3,1991.43,No
3137-KWFZ,Male,0,No,No,30,Yes,Fiber optic,Two year,86.22,2472.61,No
6301-BAES,Female,0,Yes,Yes,2,Yes,Fiber optic,Month-to-month,75.13,148.16,Yes
3320-YDQL,Female,0,Yes,No,46,Yes,DSL,Two year,57.92,2559.77,No
2188-LWVM,Male,0,No,No,6,Yes,DSL,Month-to-month,56.23,323.44,Yes
2655-KJKE,Female,0,No,No,49,Yes,DSL,One year,63.58,3065.94,No
3580-XNZU,Female,0,No,No,21,Yes,Fiber optic,Month-to-month,75.63,1526.12,No
8982-UKFW,Female,0,Yes,Yes,45,Yes,Fiber optic,Two year,93.44,4187.83,No
6846-HVSF,Female,0,Yes,No,54,Yes,Fiber optic,One year,99.45,5186.78,No
7199-JXWJ,Female,0,No,No,24,Yes,Fiber optic,One year,85.6,2008.54,Yes
3086-FXAW,Male,0,Yes,Yes,5,Yes,No,Month-to-month,28.52,138.46,No
7415-YSBF,Male,0,No,Yes,6,No,DSL,Month-to-month,48.75,286.65,Yes
6213-ZTHU,Male,0,Yes,Yes,16,Yes,Fiber optic,Month-to-month,79.11,1218.61,Yes
2705-PEKX,Male,0,No,No,1,Yes,Fiber optic,Month-to-month,82.77,83.33,Yes
2274-HLKF,Male,0,Yes,Yes,39,Yes,DSL,One year,64.39,2404.76,No
2453-WVUX,Female,0,Yes,Yes,32,Yes,Fiber optic,One year,77.42,2429.63,No
6500-OAIG,Female,0,No,No,20,Yes,Fiber optic,Month-to-month,87.0,1755.23,Yes
5088-WCLI,Female,0,No,No,1,Yes,No,Month-to-month,33.66,32.36,Yes
2770-XABM,Female,0,No,No,27,Yes,No,One year,32.15,846.14,No
8179-XNFN,Female,0,Yes,Yes,2,Yes,DSL,Month-to-month,64.39,126.25,No
9078-MLRM,Male,0,Yes,No,7,Yes,Fiber optic,Month-to-month,83.36,569.02,Yes
2661-PZSU,Female,1,No,No,38,Yes,DSL,One year,58.76,2257.3,No
4695-FOCZ,Male,0,No,No,34,Yes,DSL,Month-to-month,56.62,1855.57,No
1547-JAKI,Male,0,Yes,Yes,42,Yes,Fiber optic,One year,80.96,3275.43,Yes
2715-CKFM,Male,0,No,No,8,Yes,Fiber optic,Month-to-month,83.52,636.63,Yes
3636-XCRC,Female,0,No,No,33,Yes,No,One year,28.38,915.58,No
6536-TTPW,Male,0,No,No,46,Yes,Fiber optic,Two year,83.34,3841.59,Yes
1507-NUFT,Female,1,No,No,65,Yes,DSL,Two year,66.91,4405.99,No
8113-FBDK,Female,0,No,No,25,Yes,Fiber optic,Month-to-month,98.59,2369.17,Yes
4367-GNWR,Male,0,Yes,Yes,61,Yes,Fiber optic,Two year,94.39,5550.1,No
9849-IVJJ,Male,0,No,No,7,Yes,Fiber optic,Month-to-month,90.49,623.01,Yes
4891-DBMS,Male,0,No,No,11,Yes,No,Month-to-month,33.35,365.59,Yes
9043-EBLA,Male,0,No,No,45,No,DSL,Two year,54.38,2370.28,No
8005-CJVU,Female,0,Yes,No,43,Yes,Fiber optic,One year,89.47,3768.25,No
8869-GDAG,Female,0,Yes,No,53,Yes,DSL,Two year,56.28,2948.56,No
3798-UJCP,Female,1,No,No,49,Yes,DSL,Month-to-month,55.91,2755.99,Yes
2892-JZMP,Male,0,No,No,21,Yes,DSL,Month-to-month,55.5,1165.5,No
9013-VICU,Female,0,Yes,No,2,Yes,No,Month-to-month,30.19,58.73,Yes
9914-MFLM,Female,0,Yes,Yes,13,Yes,DSL,Month-to-month,67.72,883.45,No
7052-FOBI,Female,0,No,No,1,Yes,Fiber optic,Month-to-month,76.63,77.53,Yes
8204-OIHI,Female,0,Yes,Yes,27,Yes,No,One year,28.89,768.43,No
2009-EYWV,Female,0,No,No,8,Yes,DSL,Month-to-month,68.79,558.38,Yes
2584-CVLZ,Male,0,No,No,21,Yes,Fiber optic,Month-to-month,86.05,1823.34,Yes
9871-NYSH,Female,0,Yes,No,64,Yes,Fiber optic,Two year,82.54,5162.22,No
1999-MQNR,Female,0,Yes,No,41,Yes,No,One year,32.38,1271.4,No
8779-SHPJ,Female,0,Yes,Yes,24,Yes,Fiber optic,One year,76.64,1761.28,No
2293-MWBQ,Male,0,No,No,69,Yes,DSL,Two year,65.16,4277.9,No
9467-ZSVT,Male,1,No,No,35,Yes,Fiber optic,One year,88.98,2992.49,No
3415-DYOF,Female,0,Yes,Yes,39,Yes,Fiber optic,Month-to-month,82.37,3164.24,Yes
3738-GZGE,Female,0,Yes,No,12,Yes,DSL,Month-to-month,60.72,731.35,Yes
1699-NCVN,Female,1,Yes,No,12,Yes,Fiber optic,Month-to-month,77.4,897.74,No
4308-UETI,Male,0,No,No,44,Yes,Fiber optic,One year,93.8,4116.81,Yes
6238-XZCC,Female,1,Yes,No,4,Yes,DSL,Month-to-month,58.5,227.9,Yes
7358-RMRK,Female,0,No,No,35,Yes,Fiber optic,One year,89.99,3207.45,No
5525-QOAZ,Male,0,Yes,No,7,Yes,DSL,Month-to-month,64.9,455.04,Yes
9561-ZNDN,Female,0,No,No,3,Yes,No,Month-to-month,28.07,82.56,Yes
3451-ESSS,Male,0,Yes,No,6,Yes,DSL,Month-to-month,60.76,353.72,Yes
2641-DSYD,Male,0,Yes,Yes,7,Yes,Fiber optic,Month-to-month,94.88,653.54,Yes
5687-RLNI,Female,0,No,No,8,Yes,Fiber optic,Month-to-month,97.0,778.53,Yes
7275-UPST,Female,0,No,No,22,Yes,DSL,Month-to-month,64.29,1368.19,No
8750-BFIM,Male,0,No,No,9,Yes,No,Month-to-month,30.38,262.67,No
3356-TTVW,Male,0,No,Yes,1,Yes,No,Month-to-month,34.56,34.07,Yes
7581-BMKW,Male,1,No,No,40,Yes,No,One year,33.48,1295.63,No
4892-BXPI,Male,0,No,No,31,Yes,Fiber optic,One year,86.35,2686.68,No
7102-AKZJ,Female,0,No,No,72,No,DSL,Two year,49.92,3631.95,No
6094-IPWV,Male,0,No,No,36,Yes,Fiber optic,Month-to-month,79.81,2929.47,No
2609-HEJX,Female,0,No,Yes,62,Yes,Fiber optic,Two year,77.57,4652.15,No
8259-YKIX,Male,1,No,No,1,Yes,Fiber optic,Month-to-month,89.88,90.55,Yes
7828-TUCG,Male,0,Yes,Yes,2,No,DSL,Month-to-month,46.01,88.7,Yes
8237-GNXP,Female,0,No,No,9,Yes,Fiber optic,Month-to-month,94.74,852.19,Yes
9462-LBQZ,Female,0,Yes,No,6,Yes,No,Month-to-month,29.36,177.34,Yes
3604-CJWQ,Male,0,Yes,Yes,58,Yes,Fiber optic,Two year,89.33,5176.37,No
7609-EYQS,Male,0,No,No,6,Yes,Fiber optic,Month-to-month,90.93,537.49,Yes
1474-FGGB,Male,0,No,No,31,Yes,Fiber optic,One year,81.41,2429.53,No
5087-BOBL,Female,0,No,No,1,Yes,No,Month-to-month,30.95,31.55,Yes
4262-ILOQ,Female,0,Yes,No,18,Yes,DSL,One year,65.87,1175.44,Yes
7503-UDVA,Female,0,Yes,Yes,7,Yes,DSL,Month-to-month,61.67,429.28,No
4963-LPTO,Female,1,Yes,Yes,5,No,DSL,Month-to-month,48.65,234.99,No
3909-PSRL,Female,1,Yes,Yes,2,Yes,No,Month-to-month,33.58,64.42,Yes
6640-FIXW,Male,0,Yes,No,72,No,DSL,Two year,45.91,3149.12,No
2480-JAMB,Male,0,Yes,Yes,20,Yes,Fiber optic,One year,82.79,1687.8,No
3669-SYGH,Male,0,No,No,4,Yes,DSL,Month-to-month,61.54,249.86,Yes
4688-VGIU,Male,0,Yes,No,3,Yes,Fiber optic,Month-to-month,98.99,290.98,Yes
7709-QAYY,Male,1,Yes,No,68,Yes,Fiber optic,Two year,93.86,6338.78,No
1145-PEUF,Male,0,No,No,15,Yes,No,One year,30.18,432.95,Yes
1138-HITZ,Female,0,No,No,72,Yes,DSL,Two year,68.28,4687.89,No
6004-WWUI,Male,0,Yes,Yes,4,Yes,Fiber optic,Month-to-month,94.39,369.45,Yes
7943-MLOI,Male,0,No,No,19,Yes,Fiber optic,Month-to-month,78.69,1452.43,Yes
4575-OJVQ,Male,0,Yes,Yes,61,Yes,DSL,Two year,59.63,3616.81,No
7506-SDAQ,Female,0,Yes,No,50,Yes,Fiber optic,Two year,83.57,4037.27,No
7131-RUTT,Female,0,No,No,7,Yes,Fiber optic,Month-to-month,84.22,573.94,Yes
5631-JVDP,Male,0,No,No,46,Yes,Fiber optic,Month-to-month,75.2,3402.27,Yes
2045-KIUK,Female,0,Yes,Yes,20,No,DSL,Month-to-month,53.8,1060.6,Yes
5536-IUWU,Female,0,No,No,16,Yes,Fiber optic,Month-to-month,91.96,1464.11,No
5895-GEQY,Female,0,No,No,11,Yes,No,Month-to-month,28.4,303.43,Yes
4937-BZZZ,Female,0,No,No,59,Yes,Fiber optic,Two year,87.68,5011.96,No
7620-VKVE,Male,0,No,No,15,Yes,Fiber optic,Month-to-month,95.88,1394.53,No
1417-UPJI,Female,0,No,No,7,No,DSL,Month-to-month,57.88,394.86,Yes
7857-MMXB,Female,0,Yes,No,7,Yes,DSL,Month-to-month,61.33,420.41,Yes
4111-KXWH,Male,0,Yes,Yes,68,Yes,No,Month-to-month,29.37,1942.02,Yes
9759-UZPV,Male,0,No,No,14,Yes,Fiber optic,Month-to-month,80.01,1067.86,Yes
6873-QJFV,Female,1,Yes,Yes,2,Yes,Fiber optic,Month-to-month,97.71,186.21,Yes
3967-JDPE,Male,0,No,No,36,No,DSL,Month-to-month,56.78,1949.34,No
5237-XZRY,Male,0,No,No,58,Yes,Fiber optic,Two year,83.54,4855.65,No
3999-VKUC,Female,0,No,No,71,Yes,DSL,Two year,65.02,4454.1,No
4641-LHXJ,Female,0,No,No,7,Yes,DSL,Month-to-month,65.42,450.18,Yes
7889-ZKLI,Female,0,No,No,11,Yes,No,Month-to-month,34.87,388.78,Yes
5817-ODPB,Male,0,No,No,18,Yes,No,One year,32.2,554.71,No
2166-PGQD,Male,0,Yes,No,8,Yes,DSL,Month-to-month,59.97,461.98,No
7253-QJNB,Female,0,Yes,Yes,16,Yes,DSL,One year,63.68,1035.57,No
3470-EGKN,Male,0,Yes,Yes,33,Yes,Fiber optic,One year,99.08,3189.37,No
8496-EKWF,Male,0,No,No,6,Yes,Fiber optic,Month-to-month,90.4,526.84,Yes
2324-PKUF,Male,0,Yes,Yes,35,Yes,No,Two year,30.93,1035.76,No
6134-UBAO,Female,0,No,No,34,Yes,Fiber optic,One year,79.06,2556.21,Yes
5481-GYYF,Female,0,No,No,36,No,DSL,One year,51.81,1843.94,No
3595-PZYY,Male,0,Yes,No,38,Yes,Fiber optic,One year,94.73,3636.95,Yes
2442-ETNU,Male,0,No,No,2,Yes,DSL,Month-to-month,55.63,108.28,Yes
8035-MNPM,Male,0,No,No,7,Yes,Fiber optic,Month-to-month,80.49,564.5,Yes
1076-BRGX,Female,0,No,No,11,Yes,DSL,One year,55.06,590.7,Yes
7112-AKYQ,Female,0,Yes,No,9,Yes,DSL,Month-to-month,58.35,527.52,Yes
4122-AVAU,Female,0,No,No,16,Yes,Fiber optic,Month-to-month,80.76,1275.39,Yes
5076-HWLJ,Male,0,No,No,11,Yes,No,Month-to-month,32.37,347.53,Yes
3112-DMQS,Male,0,No,No,56,Yes,Fiber optic,Two year,80.98,4514.55,No
6015-FCBJ,Male,0,Yes,Yes,8,Yes,Fiber optic,Month-to-month,93.36,720.52,Yes
5764-OXQT,Male,0,Yes,Yes,12,Yes,DSL,Month-to-month,69.29,812.26,Yes
9587-KNVE,Female,0,No,No,35,No,DSL,One year,49.97,1770.12,No
6615-PLYG,Female,1,No,No,24,Yes,DSL,Two year,66.1,1521.57,No
3701-ZMAH,Male,0,No,No,1,Yes,DSL,Month-to-month,58.08,58.2,Yes
4675-XEGX,Female,1,No,No,66,Yes,Fiber optic,Two year,79.61,5035.81,Yes
1359-SQFD,Male,0,No,No,31,Yes,DSL,One year,69.85,2145.99,No
7006-WUZB,Male,0,No,No,72,Yes,Fiber optic,Two year,84.07,6136.89,No
7147-UIYR,Male,0,No,No,49,Yes,No,Two year,28.52,1391.62,No
1796-TBVD,Male,1,Yes,Yes,24,Yes,Fiber optic,One year,75.75,1751.33,No
1323-BWDN,Female,0,Yes,Yes,4,Yes,DSL,Month-to-month,56.73,226.77,Yes
8279-MDRI,Male,0,Yes,No,10,Yes,Fiber optic,Month-to-month,82.26,834.76,Yes
8772-WEGW,Male,0,Yes,No,22,Yes,Fiber optic,One year,79.86,1678.28,No
1152-JNVD,Female,0,No,No,12,Yes,Fiber optic,Month-to-month,89.64,1063.05,Yes
9524-ITTW,Female,1,No,No,2,Yes,No,Month-to-month,33.36,64.99,Yes
3247-NDQX,Male,0,Yes,Yes,9,Yes,DSL,Month-to-month,55.66,501.33,No
2928-JDZD,Male,0,No,No,4,Yes,No,Month-to-month,28.21,115.02,Yes
9154-GTGY,Female,0,No,No,21,Yes,Fiber optic,Month-to-month,79.95,1618.74,Yes
5308-QGLW,Female,1,Yes,No,13,Yes,Fiber optic,Month-to-month,79.35,1032.02,Yes
7713-JFBR,Male,1,No,Yes,28,No,DSL,One year,58.28,1555.25,No
9132-GWPK,Female,0,No,No,39,Yes,Fiber optic,One year,92.97,3493.2,No
4842-AAVC,Male,0,No,No,34,Yes,No,One year,30.38,1021.08,No
2809-SVPE,Male,1,No,No,57,Yes,Fiber optic,Two year,88.86,4901.3,Yes
2475-YQCX,Female,0,No,No,36,Yes,No,One year,29.25,1065.0,No
2659-IUHO,Male,0,Yes,Yes,4,No,DSL,Month-to-month,45.32,183.05,No
5850-IOBD,Female,1,Yes,No,50,Yes,No,Two year,33.9,1717.84,No
3862-BJLZ,Female,0,Yes,Yes,3,No,DSL,Month-to-month,58.66,179.19,Yes
6123-NXDD,Male,0,Yes,No,24,Yes,No,Month-to-month,28.15,684.14,Yes
1751-AEVU,Male,0,No,No,14,Yes,DSL,Month-to-month,65.16,895.27,No
3793-KLOT,Female,1,Yes,Yes,18,Yes,DSL,Month-to-month,60.68,1092.47,Yes
5395-XCLK,Male,1,Yes,Yes,21,Yes,DSL,One year,66.81,1422.31,No
3996-DMMO,Male,1,No,Yes,46,Yes,Fiber optic,Month-to-month,77.77,3415.5,No
5453-MWPZ,Female,0,Yes,Yes,13,Yes,DSL,One year,69.04,878.97,No
7909-UZFD,Male,1,No,No,67,No,DSL,Two year,49.58,3372.33,No
3171-WXBF,Female,1,Yes,Yes,22,Yes,Fiber optic,One year,81.0,1755.75,No
2699-NSPZ,Male,0,Yes,Yes,29,Yes,Fiber optic,One year,95.24,2628.09,Yes
8178-FTMY,Male,0,No,No,14,Yes,Fiber optic,Month-to-month,91.52,1270.95,Yes
6875-TAVX,Male,0,Yes,No,34,Yes,Fiber optic,One year,98.53,3345.9,No
3140-PPDN,Female,0,No,Yes,30,Yes,Fiber optic,One year,99.43,2860.68,No
8220-BCIU,Male,0,No,No,7,Yes,Fiber optic,Month-to-month,99.94,666.83,Yes
6148-AWVQ,Female,0,No,No,15,No,DSL,One year,58.22,864.25,No
4669-VKQQ,Female,0,No,No,24,Yes,DSL,One year,68.18,1645.5,No
2560-NVXH,Male,0,Yes,Yes,3,Yes,Fiber optic,Month-to-month,76.63,229.56,Yes
8895-LVVU,Female,0,No,No,37,Yes,DSL,Two year,57.17,2119.2,No
7305-ERTB,Female,0,Yes,Yes,71,Yes,Fiber optic,Two year,98.1,6810.65,No
1190-UFQP,Female,0,No,Yes,46,No,DSL,Two year,56.92,2612.9,No
9123-FCYP,Male,0,No,No,36,Yes,DSL,Two year,57.88,2106.43,Yes
6253-HKIB,Female,0,No,No,8,Yes,DSL,Month-to-month,60.67,494.1,No
9305-HRUM,Male,0,No,Yes,4,Yes,DSL,Month-to-month,60.61,233.13,Yes
7607-HCOO,Female,0,Yes,Yes,20,Yes,DSL,Month-to-month,63.99,1283.06,No
8341-CPOK,Female,0,No,No,41,Yes,Fiber optic,Two year,99.42,3982.02,No
2944-PXUA,Male,1,Yes,No,24,Yes,DSL,Month-to-month,58.67,1414.5,No
2681-MNBR,Male,0,Yes,Yes,48,Yes,Fiber optic,Two year,76.15,3575.0,No
9996-ACZT,Male,0,No,Yes,34,Yes,Fiber optic,One year,90.4,2978.33,Yes
5990-QRGU,Male,0,No,No,41,Yes,DSL,Two year,57.84,2283.42,No
8474-KLBH,Female,1,No,No,13,Yes,Fiber optic,Month-to-month,88.39,1104.49,Yes
8445-KRYT,Female,0,Yes,Yes,2,Yes,DSL,Month-to-month,66.84,129.03,Yes
8751-WVLW,Female,1,No,Yes,20,Yes,DSL,Month-to-month,59.92,1196.93,Yes
8414-DDYV,Female,0,No,No,69,Yes,Fiber optic,Two year,76.33,5327.55,No
4633-AKLU,Female,1,No,No,37,Yes,Fiber optic,Month-to-month,94.89,3529.7,Yes
5783-RQLW,Male,0,Yes,No,14,Yes,Fiber optic,Month-to-month,96.82,1330.92,Yes
2741-BFPE,Male,1,No,No,38,Yes,No,One year,33.96,1289.89,No
7704-DITG,Female,0,Yes,Yes,15,Yes,DSL,Month-to-month,69.53,1029.14,Yes
4072-DMGO,Female,0,Yes,Yes,25,No,DSL,One year,58.29,1415.34,No
4122-WKDY,Male,0,No,No,35,Yes,Fiber optic,One year,80.23,2710.96,No
7790-BUVS,Female,0,No,No,1,Yes,Fiber optic,Month-to-month,77.04,77.01,No
3018-YOOV,Female,0,Yes,Yes,26,Yes,DSL,One year,62.06,1595.25,No
9260-EPAQ,Male,1,No,No,23,Yes,No,Month-to-month,32.64,722.18,Yes
1795-RNSP,Male,1,No,No,3,Yes,Fiber optic,Month-to-month,76.62,219.1,Yes
9328-YFWS,Female,0,Yes,No,38,Yes,Fiber optic,Two year,87.72,3222.28,No
3845-XEDM,Female,0,Yes,Yes,32,No,DSL,One year,56.27,1715.54,Yes
6273-QMNT,Male,0,Yes,No,12,Yes,No,Month-to-month,32.52,374.77,Yes
5067-IMKJ,Female,0,No,No,22,Yes,Fiber optic,Month-to-month,87.73,1952.94,Yes
8419-ZEEN,Male,0,No,No,47,Yes,Fiber optic,Two year,87.46,4171.9,No
9393-JWRK,Female,0,Yes,No,58,Yes,No,Two year,31.25,1756.19,No
4560-GGTW,Male,0,No,No,20,Yes,DSL,One year,59.83,1202.99,Yes
5760-VLVE,Female,0,No,No,71,Yes,Fiber optic,Two year,84.35,5958.72,No
3913-QRWU,Female,0,Yes,Yes,27,Yes,Fiber optic,One year,92.36,2412.5,No
6281-WDYL,Male,0,No,No,43,Yes,Fiber optic,Two year,92.89,4024.78,No
8870-SSVW,Male,0,Yes,Yes,40,Yes,Fiber optic,Month-to-month,87.37,3450.84,Yes
7839-VXRJ,Male,0,No,No,16,Yes,No,One year,29.88,454.22,No
7920-ZAQD,Male,1,No,No,35,Yes,Fiber optic,Month-to-month,85.02,2899.29,Yes
1414-MEBV,Female,0,No,No,18,Yes,DSL,Month-to-month,68.82,1229.3,No
1927-GIYZ,Male,0,No,No,2,Yes,No,Month-to-month,32.09,62.63,No
3636-JVIE,Female,0,Yes,Yes,10,Yes,Fiber optic,Month-to-month,75.92,725.66,Yes
2016-WZJG,Female,0,No,No,64,Yes,Fiber optic,Two year,80.49,5148.18,No
9866-BLOD,Male,1,No,Yes,6,Yes,DSL,Month-to-month,58.05,344.28,Yes
4675-XURM,Female,0,No,No,9,Yes,No,Month-to-month,34.04,306.53,Yes
4892-QZZZ,Female,0,No,No,26,Yes,No,Month-to-month,30.77,782.89,Yes
5712-WVBM,Female,0,Yes,Yes,9,Yes,Fiber optic,Month-to-month,82.65,738.5,Yes
7349-NZVK,Female,1,Yes,Yes,49,Yes,DSL,Month-to-month,68.33,3256.85,No
1881-AXIG,Male,1,Yes,Yes,1,Yes,DSL,Month-to-month,63.57,60.65,Yes
8259-HUWW,Male,0,No,No,14,Yes,No,One year,34.55,487.14,No
7025-YSRX,Male,0,Yes,No,19,Yes,Fiber optic,Month-to-month,84.35,1614.95,Yes
4218-YXGJ,Female,0,No,No,21,Yes,DSL,Month-to-month,63.26,1282.43,Yes
8353-FVCF,Male,1,No,No,47,Yes,No,One year,28.94,1384.07,Yes
3847-XQDM,Female,0,No,No,8,Yes,Fiber optic,Month-to-month,77.1,593.59,Yes
1665-NIRI,Female,1,Yes,No,17,Yes,Fiber optic,Month-to-month,86.11,1490.24,Yes
3131-FSIA,Female,0,Yes,Yes,5,Yes,Fiber optic,Month-to-month,83.79,413.76,Yes
6415-OWEB,Male,0,No,No,29,Yes,Fiber optic,One year,89.6,2646.51,No
3518-KTBY,Male,0,No,No,55,Yes,Fiber optic,Two year,86.63,4785.96,No
5934-PZSR,Male,0,Yes,Yes,1,Yes,No,Month-to-month,32.35,32.5,No
6866-CZWK,Female,0,Yes,Yes,7,Yes,Fiber optic,Month-to-month,85.65,574.04,Yes
9608-HFQC,Female,0,Yes,Yes,1,Yes,Fiber optic,Month-to-month,86.69,86.88,Yes
9276-FNRR,Female,0,No,Yes,60,Yes,DSL,Two year,61.13,3582.48,No
7609-CLHG,Male,0,No,No,2,Yes,Fiber optic,Month-to-month,95.11,189.41,Yes
6437-KLJG,Female,0,No,No,16,Yes,Fiber optic,Month-to-month,82.93,1341.35,Yes
9691-PRYU,Female,0,No,No,63,No,DSL,Two year,50.74,3178.72,No
1144-DVLO,Male,1,Yes,Yes,2,Yes,DSL,Month-to-month,57.69,114.06,No
4937-UTTH,Female,1,Yes,Yes,6,No,DSL,Month-to-month,48.51,293.15,Yes
1653-VKMZ,Female,1,No,No,12,Yes,No,Month-to-month,32.52,376.76,No
2857-MIRX,Male,1,No,No,28,Yes,DSL,One year,60.39,1638.19,No
5633-AQYL,Male,0,No,No,49,Yes,DSL,Two year,56.24,2730.18,No
9426-ZQOP,Female,0,Yes,Yes,8,Yes,Fiber optic,Month-to-month,96.07,773.59,Yes
1718-JUGK,Male,0,No,No,41,Yes,No,One year,31.59,1298.69,No
9419-CDFY,Male,0,Yes,Yes,55,Yes,Fiber optic,Two year,91.09,4814.04,No
9814-RAUC,Male,0,No,No,19,Yes,DSL,Month-to-month,66.79,1226.14,Yes
4453-VUYG,Male,0,Yes,Yes,54,Yes,Fiber optic,Month-to-month,98.17,5305.63,No
7950-DGRW,Female,0,Yes,No,53,Yes,No,Month-to-month,28.69,1483.78,No
8130-UCXV,Female,0,Yes,Yes,32,Yes,DSL,One year,56.07,1817.84,No
3519-AOWK,Male,0,Yes,No,35,Yes,DSL,Two year,55.57,1860.46,No
1620-CCBF,Female,0,Yes,No,58,Yes,Fiber optic,Two year,80.01,4467.51,No
5127-RCSH,Female,0,Yes,Yes,1,Yes,Fiber optic,Month-to-month,79.92,76.96,Yes
5237-NMOU,Male,0,No,No,4,Yes,DSL,Month-to-month,59.94,242.25,No
7626-NKAM,Female,1,No,No,48,Yes,DSL,Two year,59.54,2752.81,No
2938-RAUX,Male,0,No,No,22,Yes,Fiber optic,Month-to-month,95.39,2065.71,Yes
2036-YXSB,Male,0,No,No,5,Yes,No,Month-to-month,32.78,164.07,Yes
2189-LQDJ,Male,1,No,No,4,Yes,No,Month-to-month,29.92,119.12,No
5937-TCJY,Male,1,Yes,No,3,No,DSL,Month-to-month,55.58,158.65,No
8170-MMVA,Female,1,Yes,No,23,Yes,Fiber optic,One year,99.95,2210.12,No
8765-FRHE,Female,0,Yes,Yes,26,Yes,No,Month-to-month,34.99,875.57,Yes
7406-ZZRJ,Female,0,No,No,35,Yes,DSL,Two year,66.29,2268.16,No
3360-JVZX,Male,0,Yes,No,5,Yes,Fiber optic,Month-to-month,93.5,464.02,Yes
7113-ARRE,Male,0,Yes,No,37,Yes,Fiber optic,Month-to-month,97.81,3455.62,No
3019-BAST,Male,0,No,Yes,5,Yes,DSL,Month-to-month,55.13,263.26,Yes
7456-RRCJ,Female,0,No,No,5,Yes,DSL,Month-to-month,59.49,287.68,No
4441-XXXL,Male,0,Yes,Yes,19,Yes,Fiber optic,Month-to-month,95.56,1840.4,Yes
4469-NUQE,Male,0,Yes,Yes,13,Yes,DSL,Month-to-month,66.75,883.31,Yes
3637-FHTI,Male,0,No,Yes,1,Yes,DSL,Month-to-month,61.06,58.44,Yes
4183-DFVZ,Male,0,Yes,No,60,No,DSL,Two year,51.09,3025.17,No
1891-YROU,Female,0,Yes,No,1,Yes,DSL,Month-to-month,63.7,63.76,Yes
2198-JVCI,Female,0,Yes,Yes,49,Yes,Fiber optic,Two year,91.38,4506.99,Yes
2608-GXSP,Male,0,No,No,24,Yes,No,Month-to-month,31.3,745.36,Yes
6420-LEVU,Female,1,No,No,24,Yes,Fiber optic,Month-to-month,87.82,2058.05,No
4842-DJTC,Male,0,Yes,Yes,9,Yes,Fiber optic,Month-to-month,94.03,805.18,Yes
4170-KPOK,Male,0,No,No,23,Yes,Fiber optic,One year,78.73,1825.02,Yes
6008-WSES,Male,0,No,No,6,Yes,Fiber optic,Month-to-month,84.94,511.39,Yes
6971-ZKNF,Female,0,Yes,No,10,Yes,No,Month-to-month,29.59,294.45,Yes
1079-KHZH,Male,0,No,Yes,15,Yes,Fiber optic,Month-to-month,93.73,1339.96,Yes
8145-ILEV,Male,0,Yes,Yes,5,Yes,DSL,Month-to-month,62.12,300.47,Yes
6432-POOL,Female,0,Yes,Yes,20,Yes,Fiber optic,Month-to-month,87.9,1680.39,Yes
6004-PRDF,Female,0,Yes,No,21,Yes,Fiber optic,One year,94.65,1908.11,No
2343-IERG,Male,1,Yes,No,31,Yes,No,One year,33.3,1026.02,Yes
5312-XUCX,Female,0,No,No,6,Yes,DSL,Month-to-month,65.84,375.66,Yes
2235-AQUA,Male,0,No,No,1,Yes,Fiber optic,Month-to-month,86.54,88.07,Yes
7637-YSGB,Female,1,Yes,Yes,38,Yes,DSL,Month-to-month,66.88,2584.73,Yes
5269-RRPU,Male,1,Yes,Yes,40,Yes,Fiber optic,Two year,82.83,3172.2,No
3435-LMHY,Male,0,Yes,No,1,Yes,Fiber optic,Month-to-month,79.7,79.82,Yes
5767-EOQQ,Male,0,No,No,6,Yes,DSL,Month-to-month,66.55,388.79,Yes
2483-MLQA,Male,0,No,No,59,Yes,DSL,Two year,65.47,3860.88,No
4913-ZTVF,Female,0,No,No,48,Yes,Fiber optic,Month-to-month,80.24,3713.49,Yes
9423-EOFF,Female,0,Yes,No,18,No,DSL,Month-to-month,51.75,916.25,No
3395-XXPL,Female,0,No,No,12,Yes,No,Month-to-month,31.91,378.86,Yes
1662-HYPH,Male,0,Yes,No,2,Yes,DSL,Month-to-month,60.62,118.95,Yes
2029-ILHB,Male,1,Yes,Yes,48,Yes,Fiber optic,Two year,89.44,4127.49,Yes
4387-QZLM,Female,1,Yes,Yes,58,Yes,DSL,Two year,56.93,3213.52,No
8695-OBBU,Male,0,Yes,Yes,65,Yes,DSL,Two year,69.15,4318.63,No
6309-DWQU,Female,0,Yes,Yes,5,No,DSL,Month-to-month,45.15,215.35,Yes
5480-XISR,Male,0,No,No,13,No,DSL,Month-to-month,57.16,741.92,Yes
3848-MUML,Male,0,No,No,2,Yes,DSL,Month-to-month,67.51,134.2,No
2275-QIMH,Male,0,No,No,25,No,DSL,One year,50.1,1200.67,No
9460-MLLP,Female,0,No,No,3,Yes,Fiber optic,Month-to-month,85.48,258.43,Yes
8898-TAQE,Female,0,Yes,Yes,5,Yes,DSL,Month-to-month,65.29,312.48,Yes
8207-FHCQ,Female,0,No,No,41,Yes,Fiber optic,One year,85.08,3386.32,No
5600-GEFF,Male,0,No,No,20,Yes,No,One year,33.45,659.51,Yes
6934-TWDV,Female,0,Yes,Yes,71,No,DSL,Two year,53.06,3799.48,No
4773-NZKX,Male,0,No,No,8,Yes,DSL,Month-to-month,59.89,459.92,No
2856-PVPP,Male,0,No,No,51,Yes,Fiber optic,Two year,75.58,3907.97,No
4452-SFUN,Female,1,No,No,38,Yes,DSL,One year,66.78,2415.02,No
1367-HBES,Male,0,Yes,No,15,Yes,No,Month-to-month,34.46,506.51,No
3639-EUQB,Female,0,No,No,1,Yes,No,Month-to-month,29.08,27.93,Yes
3406-BFIF,Male,0,Yes,No,23,No,DSL,One year,59.29,1358.05,No
9464-MTSU,Male,0,No,No,2,Yes,Fiber optic,Month-to-month,83.26,160.83,No
1305-XXVJ,Female,0,No,No,2,Yes,Fiber optic,Month-to-month,90.75,183.59,Yes
2404-GOTP,Female,0,No,No,38,Yes,DSL,Two year,64.05,2377.75,No
8891-FHNT,Male,0,No,No,8,Yes,Fiber optic,Month-to-month,90.2,730.18,Yes
3338-ZSYF,Male,0,Yes,No,5,Yes,No,Month-to-month,34.07,171.64,Yes
9369-IFXV,Male,1,Yes,No,62,Yes,Fiber optic,Two year,99.5,5909.09,No
6614-OTSC,Female,0,Yes,No,26,Yes,Fiber optic,Month-to-month,80.11,2003.44,Yes
4765-MMED,Female,0,Yes,No,21,Yes,Fiber optic,One year,84.77,1704.89,Yes
1271-GQQV,Female,1,No,No,3,Yes,Fiber optic,Month-to-month,88.36,253.71,Yes
7877-ETDF,Female,0,No,No,30,Yes,DSL,Month-to-month,57.83,1764.24,No
8796-TTBZ,Female,1,No,No,6,Yes,Fiber optic,Month-to-month,77.72,454.67,Yes
9706-QYDC,Female,0,No,No,33,Yes,Fiber optic,One year,89.24,2924.6,No
8901-VETR,Female,0,Yes,No,28,Yes,Fiber optic,One year,86.29,2315.33,No
1019-YVUN,Male,0,Yes,No,27,No,DSL,One year,58.42,1600.42,No
9553-NLBW,Male,0,No,No,17,Yes,DSL,Month-to-month,56.4,972.6,Yes
9680-NHZP,Male,0,No,No,34,Yes,Fiber optic,Two year,77.61,2672.23,Yes
7246-LSZX,Male,0,Yes,Yes,6,Yes,DSL,Month-to-month,63.29,376.82,Yes
2600-NEIP,Female,0,No,No,48,Yes,DSL,Two year,55.48,2563.08,No
4809-CJTR,Female,0,No,No,29,Yes,DSL,Month-to-month,65.34,1870.48,No
7695-IGAW,Male,0,No,No,1,Yes,No,One year,31.42,31.17,No
1116-SQDQ,Male,1,Yes,Yes,24,Yes,No,One year,29.31,701.72,Yes
1117-MUGW,Male,1,Yes,Yes,23,Yes,No,Month-to-month,28.49,629.4,Yes
6175-NLDE,Male,1,No,Yes,19,Yes,Fiber optic,Month-to-month,99.07,1876.14,Yes
7980-USII,Male,0,Yes,No,67,Yes,Fiber optic,Two year,82.1,5341.78,No
9783-NSLT,Female,0,Yes,No,37,Yes,Fiber optic,One year,80.83,3012.33,Yes
